[
  {
    "id": 1,
    "url": "https://www.revu.net/campaign/1188561",
    "thumbnail": "/images/campaigns/campaign_1_thumb.jpg",
    "title": "[닥터자르트] 앰플 틱톡 체험단 모집",
    "brand": "닥터자르트",
    "category": "뷰티",
    "platform": "틱톡",
    "description": "안녕하세요, 닥터자르트입니다.\n\n닥터자르트의 신제품 '앰플'을 체험하고 솔직한 리뷰를 작성해주실 틱톡 인플루언서를 모집합니다.\n\n📌 제품 소개\n- 앰플는 뷰티 카테고리의 혁신적인 제품입니다.\n- 특별한 성분과 기술력으로 만들어진 프리미엄 제품입니다.\n- 많은 분들께 사랑받고 있는 닥터자르트의 베스트셀러입니다.\n\n✨ 체험단 미션\n1. 제품을 직접 사용해보고 솔직한 후기 작성\n2. 제품의 장점과 사용감을 상세히 소개\n3. 실사용 사진 3장 이상 포함\n4. 해시태그 필수 포함: #닥터자르트 #앰플 #체험단\n\n💝 제공 혜택\n- 앰플 정품 1개 (정가 13000원)\n- 우수 리뷰어 추가 혜택 제공\n- 닥터자르트 신제품 우선 체험 기회",
    "info": {
      "participants": "모집인원: 15명",
      "period": "신청기간: 2025. 7. 29. ~ 2025. 8. 6.",
      "announcement": "발표일: 2025. 8. 9.",
      "category": "카테고리: 뷰티",
      "platform": "플랫폼: 틱톡",
      "mission": "미션: 제품 사용 후 틱톡에 상세 리뷰 작성"
    },
    "requirements": {
      "followers": 5720,
      "engagementRate": "1.4",
      "contentQuality": "높음"
    },
    "provides": [
      "앰플 정품 1개",
      "무료 배송",
      "체험 가이드 제공",
      "우수 리뷰어 추가 혜택"
    ],
    "status": "ACTIVE",
    "applicants": 88,
    "viewCount": 1292,
    "crawledAt": "2025-07-26T12:34:33.765Z",
    "detailImage": "/images/campaigns/campaign_1_detail.jpg"
  },
  {
    "id": 2,
    "url": "https://www.revu.net/campaign/1188562",
    "thumbnail": "/images/campaigns/campaign_2_thumb.jpg",
    "title": "[다이슨] 운동화 유튜브 체험단 모집",
    "brand": "다이슨",
    "category": "뷰티",
    "platform": "유튜브",
    "description": "안녕하세요, 다이슨입니다.\n\n다이슨의 신제품 '운동화'을 체험하고 솔직한 리뷰를 작성해주실 유튜브 인플루언서를 모집합니다.\n\n📌 제품 소개\n- 운동화는 뷰티 카테고리의 혁신적인 제품입니다.\n- 특별한 성분과 기술력으로 만들어진 프리미엄 제품입니다.\n- 많은 분들께 사랑받고 있는 다이슨의 베스트셀러입니다.\n\n✨ 체험단 미션\n1. 제품을 직접 사용해보고 솔직한 후기 작성\n2. 제품의 장점과 사용감을 상세히 소개\n3. 실사용 사진 3장 이상 포함\n4. 해시태그 필수 포함: #다이슨 #운동화 #체험단\n\n💝 제공 혜택\n- 운동화 정품 1개 (정가 51000원)\n- 우수 리뷰어 추가 혜택 제공\n- 다이슨 신제품 우선 체험 기회",
    "info": {
      "participants": "모집인원: 10명",
      "period": "신청기간: 2025. 7. 26. ~ 2025. 8. 14.",
      "announcement": "발표일: 2025. 8. 17.",
      "category": "카테고리: 뷰티",
      "platform": "플랫폼: 유튜브",
      "mission": "미션: 제품 사용 후 유튜브에 상세 리뷰 작성"
    },
    "requirements": {
      "followers": 4332,
      "engagementRate": "3.3",
      "contentQuality": "높음"
    },
    "provides": [
      "운동화 정품 1개",
      "무료 배송",
      "체험 가이드 제공",
      "우수 리뷰어 추가 혜택"
    ],
    "status": "ACTIVE",
    "applicants": 115,
    "viewCount": 500,
    "crawledAt": "2025-07-26T12:34:33.765Z",
    "detailImage": "/images/campaigns/campaign_2_detail.jpg"
  },
  {
    "id": 3,
    "url": "https://www.revu.net/campaign/1188563",
    "thumbnail": "/images/campaigns/campaign_3_thumb.jpg",
    "title": "[미니스톱] 비타민 유튜브 체험단 모집",
    "brand": "미니스톱",
    "category": "생활용품",
    "platform": "유튜브",
    "description": "안녕하세요, 미니스톱입니다.\n\n미니스톱의 신제품 '비타민'을 체험하고 솔직한 리뷰를 작성해주실 유튜브 인플루언서를 모집합니다.\n\n📌 제품 소개\n- 비타민는 생활용품 카테고리의 혁신적인 제품입니다.\n- 특별한 성분과 기술력으로 만들어진 프리미엄 제품입니다.\n- 많은 분들께 사랑받고 있는 미니스톱의 베스트셀러입니다.\n\n✨ 체험단 미션\n1. 제품을 직접 사용해보고 솔직한 후기 작성\n2. 제품의 장점과 사용감을 상세히 소개\n3. 실사용 사진 3장 이상 포함\n4. 해시태그 필수 포함: #미니스톱 #비타민 #체험단\n\n💝 제공 혜택\n- 비타민 정품 1개 (정가 55000원)\n- 우수 리뷰어 추가 혜택 제공\n- 미니스톱 신제품 우선 체험 기회",
    "info": {
      "participants": "모집인원: 15명",
      "period": "신청기간: 2025. 7. 29. ~ 2025. 8. 8.",
      "announcement": "발표일: 2025. 8. 11.",
      "category": "카테고리: 생활용품",
      "platform": "플랫폼: 유튜브",
      "mission": "미션: 제품 사용 후 유튜브에 상세 리뷰 작성"
    },
    "requirements": {
      "followers": 1848,
      "engagementRate": "4.0",
      "contentQuality": "높음"
    },
    "provides": [
      "비타민 정품 1개",
      "무료 배송",
      "체험 가이드 제공",
      "우수 리뷰어 추가 혜택"
    ],
    "status": "CLOSED",
    "applicants": 120,
    "viewCount": 1464,
    "crawledAt": "2025-07-26T12:34:33.765Z",
    "detailImage": "/images/campaigns/campaign_3_detail.jpg"
  },
  {
    "id": 4,
    "url": "https://www.revu.net/campaign/1188564",
    "thumbnail": "/images/campaigns/campaign_4_thumb.jpg",
    "title": "[샤넬] 비타민 블로그 체험단 모집",
    "brand": "샤넬",
    "category": "뷰티",
    "platform": "블로그",
    "description": "안녕하세요, 샤넬입니다.\n\n샤넬의 신제품 '비타민'을 체험하고 솔직한 리뷰를 작성해주실 블로그 인플루언서를 모집합니다.\n\n📌 제품 소개\n- 비타민는 뷰티 카테고리의 혁신적인 제품입니다.\n- 특별한 성분과 기술력으로 만들어진 프리미엄 제품입니다.\n- 많은 분들께 사랑받고 있는 샤넬의 베스트셀러입니다.\n\n✨ 체험단 미션\n1. 제품을 직접 사용해보고 솔직한 후기 작성\n2. 제품의 장점과 사용감을 상세히 소개\n3. 실사용 사진 3장 이상 포함\n4. 해시태그 필수 포함: #샤넬 #비타민 #체험단\n\n💝 제공 혜택\n- 비타민 정품 1개 (정가 35000원)\n- 우수 리뷰어 추가 혜택 제공\n- 샤넬 신제품 우선 체험 기회",
    "info": {
      "participants": "모집인원: 28명",
      "period": "신청기간: 2025. 7. 26. ~ 2025. 8. 13.",
      "announcement": "발표일: 2025. 8. 16.",
      "category": "카테고리: 뷰티",
      "platform": "플랫폼: 블로그",
      "mission": "미션: 제품 사용 후 블로그에 상세 리뷰 작성"
    },
    "requirements": {
      "followers": 1643,
      "engagementRate": "3.5",
      "contentQuality": "높음"
    },
    "provides": [
      "비타민 정품 1개",
      "무료 배송",
      "체험 가이드 제공",
      "우수 리뷰어 추가 혜택"
    ],
    "status": "ACTIVE",
    "applicants": 88,
    "viewCount": 1210,
    "crawledAt": "2025-07-26T12:34:33.765Z",
    "detailImage": "/images/campaigns/campaign_4_detail.jpg"
  },
  {
    "id": 5,
    "url": "https://www.revu.net/campaign/1188565",
    "thumbnail": "/images/campaigns/campaign_5_thumb.jpg",
    "title": "[이마트24] 비타민 유튜브 체험단 모집",
    "brand": "이마트24",
    "category": "패션",
    "platform": "유튜브",
    "description": "안녕하세요, 이마트24입니다.\n\n이마트24의 신제품 '비타민'을 체험하고 솔직한 리뷰를 작성해주실 유튜브 인플루언서를 모집합니다.\n\n📌 제품 소개\n- 비타민는 패션 카테고리의 혁신적인 제품입니다.\n- 특별한 성분과 기술력으로 만들어진 프리미엄 제품입니다.\n- 많은 분들께 사랑받고 있는 이마트24의 베스트셀러입니다.\n\n✨ 체험단 미션\n1. 제품을 직접 사용해보고 솔직한 후기 작성\n2. 제품의 장점과 사용감을 상세히 소개\n3. 실사용 사진 3장 이상 포함\n4. 해시태그 필수 포함: #이마트24 #비타민 #체험단\n\n💝 제공 혜택\n- 비타민 정품 1개 (정가 28000원)\n- 우수 리뷰어 추가 혜택 제공\n- 이마트24 신제품 우선 체험 기회",
    "info": {
      "participants": "모집인원: 12명",
      "period": "신청기간: 2025. 7. 31. ~ 2025. 8. 15.",
      "announcement": "발표일: 2025. 8. 18.",
      "category": "카테고리: 패션",
      "platform": "플랫폼: 유튜브",
      "mission": "미션: 제품 사용 후 유튜브에 상세 리뷰 작성"
    },
    "requirements": {
      "followers": 1081,
      "engagementRate": "2.1",
      "contentQuality": "높음"
    },
    "provides": [
      "비타민 정품 1개",
      "무료 배송",
      "체험 가이드 제공",
      "우수 리뷰어 추가 혜택"
    ],
    "status": "ACTIVE",
    "applicants": 122,
    "viewCount": 633,
    "crawledAt": "2025-07-26T12:34:33.765Z",
    "detailImage": "/images/campaigns/campaign_5_detail.jpg"
  },
  {
    "id": 6,
    "url": "https://www.revu.net/campaign/1188566",
    "thumbnail": "/images/campaigns/campaign_6_thumb.jpg",
    "title": "[CU] 프로틴바 틱톡 체험단 모집",
    "brand": "CU",
    "category": "식품",
    "platform": "틱톡",
    "description": "안녕하세요, CU입니다.\n\nCU의 신제품 '프로틴바'을 체험하고 솔직한 리뷰를 작성해주실 틱톡 인플루언서를 모집합니다.\n\n📌 제품 소개\n- 프로틴바는 식품 카테고리의 혁신적인 제품입니다.\n- 특별한 성분과 기술력으로 만들어진 프리미엄 제품입니다.\n- 많은 분들께 사랑받고 있는 CU의 베스트셀러입니다.\n\n✨ 체험단 미션\n1. 제품을 직접 사용해보고 솔직한 후기 작성\n2. 제품의 장점과 사용감을 상세히 소개\n3. 실사용 사진 3장 이상 포함\n4. 해시태그 필수 포함: #CU #프로틴바 #체험단\n\n💝 제공 혜택\n- 프로틴바 정품 1개 (정가 28000원)\n- 우수 리뷰어 추가 혜택 제공\n- CU 신제품 우선 체험 기회",
    "info": {
      "participants": "모집인원: 20명",
      "period": "신청기간: 2025. 7. 26. ~ 2025. 8. 7.",
      "announcement": "발표일: 2025. 8. 10.",
      "category": "카테고리: 식품",
      "platform": "플랫폼: 틱톡",
      "mission": "미션: 제품 사용 후 틱톡에 상세 리뷰 작성"
    },
    "requirements": {
      "followers": 3347,
      "engagementRate": "5.4",
      "contentQuality": "높음"
    },
    "provides": [
      "프로틴바 정품 1개",
      "무료 배송",
      "체험 가이드 제공",
      "우수 리뷰어 추가 혜택"
    ],
    "status": "CLOSED",
    "applicants": 70,
    "viewCount": 1417,
    "crawledAt": "2025-07-26T12:34:33.765Z",
    "detailImage": "/images/campaigns/campaign_6_detail.jpg"
  },
  {
    "id": 7,
    "url": "https://www.revu.net/campaign/1188567",
    "thumbnail": "/images/campaigns/campaign_7_thumb.jpg",
    "title": "[유니클로] 수분 에센스 유튜브 체험단 모집",
    "brand": "유니클로",
    "category": "식품",
    "platform": "유튜브",
    "description": "안녕하세요, 유니클로입니다.\n\n유니클로의 신제품 '수분 에센스'을 체험하고 솔직한 리뷰를 작성해주실 유튜브 인플루언서를 모집합니다.\n\n📌 제품 소개\n- 수분 에센스는 식품 카테고리의 혁신적인 제품입니다.\n- 특별한 성분과 기술력으로 만들어진 프리미엄 제품입니다.\n- 많은 분들께 사랑받고 있는 유니클로의 베스트셀러입니다.\n\n✨ 체험단 미션\n1. 제품을 직접 사용해보고 솔직한 후기 작성\n2. 제품의 장점과 사용감을 상세히 소개\n3. 실사용 사진 3장 이상 포함\n4. 해시태그 필수 포함: #유니클로 #수분에센스 #체험단\n\n💝 제공 혜택\n- 수분 에센스 정품 1개 (정가 55000원)\n- 우수 리뷰어 추가 혜택 제공\n- 유니클로 신제품 우선 체험 기회",
    "info": {
      "participants": "모집인원: 11명",
      "period": "신청기간: 2025. 7. 28. ~ 2025. 8. 10.",
      "announcement": "발표일: 2025. 8. 13.",
      "category": "카테고리: 식품",
      "platform": "플랫폼: 유튜브",
      "mission": "미션: 제품 사용 후 유튜브에 상세 리뷰 작성"
    },
    "requirements": {
      "followers": 4696,
      "engagementRate": "3.1",
      "contentQuality": "높음"
    },
    "provides": [
      "수분 에센스 정품 1개",
      "무료 배송",
      "체험 가이드 제공",
      "우수 리뷰어 추가 혜택"
    ],
    "status": "ACTIVE",
    "applicants": 124,
    "viewCount": 1263,
    "crawledAt": "2025-07-26T12:34:33.765Z",
    "detailImage": "/images/campaigns/campaign_7_detail.jpg"
  },
  {
    "id": 8,
    "url": "https://www.revu.net/campaign/1188568",
    "thumbnail": "/images/campaigns/campaign_8_thumb.jpg",
    "title": "[애플] 비타민 유튜브 체험단 모집",
    "brand": "애플",
    "category": "식품",
    "platform": "유튜브",
    "description": "안녕하세요, 애플입니다.\n\n애플의 신제품 '비타민'을 체험하고 솔직한 리뷰를 작성해주실 유튜브 인플루언서를 모집합니다.\n\n📌 제품 소개\n- 비타민는 식품 카테고리의 혁신적인 제품입니다.\n- 특별한 성분과 기술력으로 만들어진 프리미엄 제품입니다.\n- 많은 분들께 사랑받고 있는 애플의 베스트셀러입니다.\n\n✨ 체험단 미션\n1. 제품을 직접 사용해보고 솔직한 후기 작성\n2. 제품의 장점과 사용감을 상세히 소개\n3. 실사용 사진 3장 이상 포함\n4. 해시태그 필수 포함: #애플 #비타민 #체험단\n\n💝 제공 혜택\n- 비타민 정품 1개 (정가 54000원)\n- 우수 리뷰어 추가 혜택 제공\n- 애플 신제품 우선 체험 기회",
    "info": {
      "participants": "모집인원: 23명",
      "period": "신청기간: 2025. 7. 31. ~ 2025. 8. 7.",
      "announcement": "발표일: 2025. 8. 10.",
      "category": "카테고리: 식품",
      "platform": "플랫폼: 유튜브",
      "mission": "미션: 제품 사용 후 유튜브에 상세 리뷰 작성"
    },
    "requirements": {
      "followers": 1491,
      "engagementRate": "5.7",
      "contentQuality": "높음"
    },
    "provides": [
      "비타민 정품 1개",
      "무료 배송",
      "체험 가이드 제공",
      "우수 리뷰어 추가 혜택"
    ],
    "status": "ACTIVE",
    "applicants": 131,
    "viewCount": 1112,
    "crawledAt": "2025-07-26T12:34:33.765Z",
    "detailImage": "/images/campaigns/campaign_8_detail.jpg"
  },
  {
    "id": 9,
    "url": "https://www.revu.net/campaign/1188569",
    "thumbnail": "/images/campaigns/campaign_9_thumb.jpg",
    "title": "[애플] 콜라겐 유튜브 체험단 모집",
    "brand": "애플",
    "category": "뷰티",
    "platform": "유튜브",
    "description": "안녕하세요, 애플입니다.\n\n애플의 신제품 '콜라겐'을 체험하고 솔직한 리뷰를 작성해주실 유튜브 인플루언서를 모집합니다.\n\n📌 제품 소개\n- 콜라겐는 뷰티 카테고리의 혁신적인 제품입니다.\n- 특별한 성분과 기술력으로 만들어진 프리미엄 제품입니다.\n- 많은 분들께 사랑받고 있는 애플의 베스트셀러입니다.\n\n✨ 체험단 미션\n1. 제품을 직접 사용해보고 솔직한 후기 작성\n2. 제품의 장점과 사용감을 상세히 소개\n3. 실사용 사진 3장 이상 포함\n4. 해시태그 필수 포함: #애플 #콜라겐 #체험단\n\n💝 제공 혜택\n- 콜라겐 정품 1개 (정가 58000원)\n- 우수 리뷰어 추가 혜택 제공\n- 애플 신제품 우선 체험 기회",
    "info": {
      "participants": "모집인원: 10명",
      "period": "신청기간: 2025. 7. 29. ~ 2025. 8. 17.",
      "announcement": "발표일: 2025. 8. 20.",
      "category": "카테고리: 뷰티",
      "platform": "플랫폼: 유튜브",
      "mission": "미션: 제품 사용 후 유튜브에 상세 리뷰 작성"
    },
    "requirements": {
      "followers": 5573,
      "engagementRate": "3.1",
      "contentQuality": "높음"
    },
    "provides": [
      "콜라겐 정품 1개",
      "무료 배송",
      "체험 가이드 제공",
      "우수 리뷰어 추가 혜택"
    ],
    "status": "CLOSED",
    "applicants": 140,
    "viewCount": 790,
    "crawledAt": "2025-07-26T12:34:33.765Z",
    "detailImage": "/images/campaigns/campaign_9_detail.jpg"
  },
  {
    "id": 10,
    "url": "https://www.revu.net/campaign/1188570",
    "thumbnail": "/images/campaigns/campaign_10_thumb.jpg",
    "title": "[미니스톱] 원피스 인스타그램 체험단 모집",
    "brand": "미니스톱",
    "category": "뷰티",
    "platform": "인스타그램",
    "description": "안녕하세요, 미니스톱입니다.\n\n미니스톱의 신제품 '원피스'을 체험하고 솔직한 리뷰를 작성해주실 인스타그램 인플루언서를 모집합니다.\n\n📌 제품 소개\n- 원피스는 뷰티 카테고리의 혁신적인 제품입니다.\n- 특별한 성분과 기술력으로 만들어진 프리미엄 제품입니다.\n- 많은 분들께 사랑받고 있는 미니스톱의 베스트셀러입니다.\n\n✨ 체험단 미션\n1. 제품을 직접 사용해보고 솔직한 후기 작성\n2. 제품의 장점과 사용감을 상세히 소개\n3. 실사용 사진 3장 이상 포함\n4. 해시태그 필수 포함: #미니스톱 #원피스 #체험단\n\n💝 제공 혜택\n- 원피스 정품 1개 (정가 18000원)\n- 우수 리뷰어 추가 혜택 제공\n- 미니스톱 신제품 우선 체험 기회",
    "info": {
      "participants": "모집인원: 20명",
      "period": "신청기간: 2025. 7. 30. ~ 2025. 8. 7.",
      "announcement": "발표일: 2025. 8. 10.",
      "category": "카테고리: 뷰티",
      "platform": "플랫폼: 인스타그램",
      "mission": "미션: 제품 사용 후 인스타그램에 상세 리뷰 작성"
    },
    "requirements": {
      "followers": 4276,
      "engagementRate": "1.7",
      "contentQuality": "높음"
    },
    "provides": [
      "원피스 정품 1개",
      "무료 배송",
      "체험 가이드 제공",
      "우수 리뷰어 추가 혜택"
    ],
    "status": "ACTIVE",
    "applicants": 147,
    "viewCount": 1199,
    "crawledAt": "2025-07-26T12:34:33.765Z",
    "detailImage": "/images/campaigns/campaign_10_detail.jpg"
  },
  {
    "id": 11,
    "url": "https://www.revu.net/campaign/1188571",
    "thumbnail": "/images/campaigns/campaign_11_thumb.jpg",
    "title": "[자라] 비타민 유튜브 체험단 모집",
    "brand": "자라",
    "category": "식품",
    "platform": "유튜브",
    "description": "안녕하세요, 자라입니다.\n\n자라의 신제품 '비타민'을 체험하고 솔직한 리뷰를 작성해주실 유튜브 인플루언서를 모집합니다.\n\n📌 제품 소개\n- 비타민는 식품 카테고리의 혁신적인 제품입니다.\n- 특별한 성분과 기술력으로 만들어진 프리미엄 제품입니다.\n- 많은 분들께 사랑받고 있는 자라의 베스트셀러입니다.\n\n✨ 체험단 미션\n1. 제품을 직접 사용해보고 솔직한 후기 작성\n2. 제품의 장점과 사용감을 상세히 소개\n3. 실사용 사진 3장 이상 포함\n4. 해시태그 필수 포함: #자라 #비타민 #체험단\n\n💝 제공 혜택\n- 비타민 정품 1개 (정가 48000원)\n- 우수 리뷰어 추가 혜택 제공\n- 자라 신제품 우선 체험 기회",
    "info": {
      "participants": "모집인원: 13명",
      "period": "신청기간: 2025. 7. 29. ~ 2025. 8. 15.",
      "announcement": "발표일: 2025. 8. 18.",
      "category": "카테고리: 식품",
      "platform": "플랫폼: 유튜브",
      "mission": "미션: 제품 사용 후 유튜브에 상세 리뷰 작성"
    },
    "requirements": {
      "followers": 5300,
      "engagementRate": "3.6",
      "contentQuality": "높음"
    },
    "provides": [
      "비타민 정품 1개",
      "무료 배송",
      "체험 가이드 제공",
      "우수 리뷰어 추가 혜택"
    ],
    "status": "ACTIVE",
    "applicants": 61,
    "viewCount": 1261,
    "crawledAt": "2025-07-26T12:34:33.765Z",
    "detailImage": "/images/campaigns/campaign_11_detail.jpg"
  },
  {
    "id": 12,
    "url": "https://www.revu.net/campaign/1188572",
    "thumbnail": "/images/campaigns/campaign_12_thumb.jpg",
    "title": "[LG] 청바지 유튜브 체험단 모집",
    "brand": "LG",
    "category": "패션",
    "platform": "유튜브",
    "description": "안녕하세요, LG입니다.\n\nLG의 신제품 '청바지'을 체험하고 솔직한 리뷰를 작성해주실 유튜브 인플루언서를 모집합니다.\n\n📌 제품 소개\n- 청바지는 패션 카테고리의 혁신적인 제품입니다.\n- 특별한 성분과 기술력으로 만들어진 프리미엄 제품입니다.\n- 많은 분들께 사랑받고 있는 LG의 베스트셀러입니다.\n\n✨ 체험단 미션\n1. 제품을 직접 사용해보고 솔직한 후기 작성\n2. 제품의 장점과 사용감을 상세히 소개\n3. 실사용 사진 3장 이상 포함\n4. 해시태그 필수 포함: #LG #청바지 #체험단\n\n💝 제공 혜택\n- 청바지 정품 1개 (정가 16000원)\n- 우수 리뷰어 추가 혜택 제공\n- LG 신제품 우선 체험 기회",
    "info": {
      "participants": "모집인원: 22명",
      "period": "신청기간: 2025. 7. 31. ~ 2025. 8. 15.",
      "announcement": "발표일: 2025. 8. 18.",
      "category": "카테고리: 패션",
      "platform": "플랫폼: 유튜브",
      "mission": "미션: 제품 사용 후 유튜브에 상세 리뷰 작성"
    },
    "requirements": {
      "followers": 5282,
      "engagementRate": "6.0",
      "contentQuality": "높음"
    },
    "provides": [
      "청바지 정품 1개",
      "무료 배송",
      "체험 가이드 제공",
      "우수 리뷰어 추가 혜택"
    ],
    "status": "CLOSED",
    "applicants": 146,
    "viewCount": 656,
    "crawledAt": "2025-07-26T12:34:33.765Z",
    "detailImage": "/images/campaigns/campaign_12_detail.jpg"
  },
  {
    "id": 13,
    "url": "https://www.revu.net/campaign/1188573",
    "thumbnail": "/images/campaigns/campaign_13_thumb.jpg",
    "title": "[올리브영] 유산균 유튜브 체험단 모집",
    "brand": "올리브영",
    "category": "패션",
    "platform": "유튜브",
    "description": "안녕하세요, 올리브영입니다.\n\n올리브영의 신제품 '유산균'을 체험하고 솔직한 리뷰를 작성해주실 유튜브 인플루언서를 모집합니다.\n\n📌 제품 소개\n- 유산균는 패션 카테고리의 혁신적인 제품입니다.\n- 특별한 성분과 기술력으로 만들어진 프리미엄 제품입니다.\n- 많은 분들께 사랑받고 있는 올리브영의 베스트셀러입니다.\n\n✨ 체험단 미션\n1. 제품을 직접 사용해보고 솔직한 후기 작성\n2. 제품의 장점과 사용감을 상세히 소개\n3. 실사용 사진 3장 이상 포함\n4. 해시태그 필수 포함: #올리브영 #유산균 #체험단\n\n💝 제공 혜택\n- 유산균 정품 1개 (정가 43000원)\n- 우수 리뷰어 추가 혜택 제공\n- 올리브영 신제품 우선 체험 기회",
    "info": {
      "participants": "모집인원: 25명",
      "period": "신청기간: 2025. 7. 26. ~ 2025. 8. 10.",
      "announcement": "발표일: 2025. 8. 13.",
      "category": "카테고리: 패션",
      "platform": "플랫폼: 유튜브",
      "mission": "미션: 제품 사용 후 유튜브에 상세 리뷰 작성"
    },
    "requirements": {
      "followers": 4645,
      "engagementRate": "3.7",
      "contentQuality": "높음"
    },
    "provides": [
      "유산균 정품 1개",
      "무료 배송",
      "체험 가이드 제공",
      "우수 리뷰어 추가 혜택"
    ],
    "status": "ACTIVE",
    "applicants": 88,
    "viewCount": 1128,
    "crawledAt": "2025-07-26T12:34:33.765Z",
    "detailImage": "/images/campaigns/campaign_13_detail.jpg"
  },
  {
    "id": 14,
    "url": "https://www.revu.net/campaign/1188574",
    "thumbnail": "/images/campaigns/campaign_14_thumb.jpg",
    "title": "[삼성] 토너패드 유튜브 체험단 모집",
    "brand": "삼성",
    "category": "전자제품",
    "platform": "유튜브",
    "description": "안녕하세요, 삼성입니다.\n\n삼성의 신제품 '토너패드'을 체험하고 솔직한 리뷰를 작성해주실 유튜브 인플루언서를 모집합니다.\n\n📌 제품 소개\n- 토너패드는 전자제품 카테고리의 혁신적인 제품입니다.\n- 특별한 성분과 기술력으로 만들어진 프리미엄 제품입니다.\n- 많은 분들께 사랑받고 있는 삼성의 베스트셀러입니다.\n\n✨ 체험단 미션\n1. 제품을 직접 사용해보고 솔직한 후기 작성\n2. 제품의 장점과 사용감을 상세히 소개\n3. 실사용 사진 3장 이상 포함\n4. 해시태그 필수 포함: #삼성 #토너패드 #체험단\n\n💝 제공 혜택\n- 토너패드 정품 1개 (정가 27000원)\n- 우수 리뷰어 추가 혜택 제공\n- 삼성 신제품 우선 체험 기회",
    "info": {
      "participants": "모집인원: 27명",
      "period": "신청기간: 2025. 8. 1. ~ 2025. 8. 14.",
      "announcement": "발표일: 2025. 8. 17.",
      "category": "카테고리: 전자제품",
      "platform": "플랫폼: 유튜브",
      "mission": "미션: 제품 사용 후 유튜브에 상세 리뷰 작성"
    },
    "requirements": {
      "followers": 5283,
      "engagementRate": "5.6",
      "contentQuality": "높음"
    },
    "provides": [
      "토너패드 정품 1개",
      "무료 배송",
      "체험 가이드 제공",
      "우수 리뷰어 추가 혜택"
    ],
    "status": "ACTIVE",
    "applicants": 110,
    "viewCount": 644,
    "crawledAt": "2025-07-26T12:34:33.765Z",
    "detailImage": "/images/campaigns/campaign_14_detail.jpg"
  },
  {
    "id": 15,
    "url": "https://www.revu.net/campaign/1188575",
    "thumbnail": "/images/campaigns/campaign_15_thumb.jpg",
    "title": "[나이키] 수분 에센스 틱톡 체험단 모집",
    "brand": "나이키",
    "category": "전자제품",
    "platform": "틱톡",
    "description": "안녕하세요, 나이키입니다.\n\n나이키의 신제품 '수분 에센스'을 체험하고 솔직한 리뷰를 작성해주실 틱톡 인플루언서를 모집합니다.\n\n📌 제품 소개\n- 수분 에센스는 전자제품 카테고리의 혁신적인 제품입니다.\n- 특별한 성분과 기술력으로 만들어진 프리미엄 제품입니다.\n- 많은 분들께 사랑받고 있는 나이키의 베스트셀러입니다.\n\n✨ 체험단 미션\n1. 제품을 직접 사용해보고 솔직한 후기 작성\n2. 제품의 장점과 사용감을 상세히 소개\n3. 실사용 사진 3장 이상 포함\n4. 해시태그 필수 포함: #나이키 #수분에센스 #체험단\n\n💝 제공 혜택\n- 수분 에센스 정품 1개 (정가 10000원)\n- 우수 리뷰어 추가 혜택 제공\n- 나이키 신제품 우선 체험 기회",
    "info": {
      "participants": "모집인원: 29명",
      "period": "신청기간: 2025. 7. 28. ~ 2025. 8. 15.",
      "announcement": "발표일: 2025. 8. 18.",
      "category": "카테고리: 전자제품",
      "platform": "플랫폼: 틱톡",
      "mission": "미션: 제품 사용 후 틱톡에 상세 리뷰 작성"
    },
    "requirements": {
      "followers": 5684,
      "engagementRate": "1.7",
      "contentQuality": "높음"
    },
    "provides": [
      "수분 에센스 정품 1개",
      "무료 배송",
      "체험 가이드 제공",
      "우수 리뷰어 추가 혜택"
    ],
    "status": "CLOSED",
    "applicants": 108,
    "viewCount": 1249,
    "crawledAt": "2025-07-26T12:34:33.765Z",
    "detailImage": "/images/campaigns/campaign_15_detail.jpg"
  },
  {
    "id": 16,
    "url": "https://www.revu.net/campaign/1188576",
    "thumbnail": "/images/campaigns/campaign_16_thumb.jpg",
    "title": "[LG] 유산균 틱톡 체험단 모집",
    "brand": "LG",
    "category": "전자제품",
    "platform": "틱톡",
    "description": "안녕하세요, LG입니다.\n\nLG의 신제품 '유산균'을 체험하고 솔직한 리뷰를 작성해주실 틱톡 인플루언서를 모집합니다.\n\n📌 제품 소개\n- 유산균는 전자제품 카테고리의 혁신적인 제품입니다.\n- 특별한 성분과 기술력으로 만들어진 프리미엄 제품입니다.\n- 많은 분들께 사랑받고 있는 LG의 베스트셀러입니다.\n\n✨ 체험단 미션\n1. 제품을 직접 사용해보고 솔직한 후기 작성\n2. 제품의 장점과 사용감을 상세히 소개\n3. 실사용 사진 3장 이상 포함\n4. 해시태그 필수 포함: #LG #유산균 #체험단\n\n💝 제공 혜택\n- 유산균 정품 1개 (정가 43000원)\n- 우수 리뷰어 추가 혜택 제공\n- LG 신제품 우선 체험 기회",
    "info": {
      "participants": "모집인원: 18명",
      "period": "신청기간: 2025. 7. 30. ~ 2025. 8. 15.",
      "announcement": "발표일: 2025. 8. 18.",
      "category": "카테고리: 전자제품",
      "platform": "플랫폼: 틱톡",
      "mission": "미션: 제품 사용 후 틱톡에 상세 리뷰 작성"
    },
    "requirements": {
      "followers": 4908,
      "engagementRate": "3.6",
      "contentQuality": "높음"
    },
    "provides": [
      "유산균 정품 1개",
      "무료 배송",
      "체험 가이드 제공",
      "우수 리뷰어 추가 혜택"
    ],
    "status": "ACTIVE",
    "applicants": 93,
    "viewCount": 939,
    "crawledAt": "2025-07-26T12:34:33.765Z",
    "detailImage": "/images/campaigns/campaign_16_detail.jpg"
  },
  {
    "id": 17,
    "url": "https://www.revu.net/campaign/1188577",
    "thumbnail": "/images/campaigns/campaign_17_thumb.jpg",
    "title": "[아디다스] 선크림 블로그 체험단 모집",
    "brand": "아디다스",
    "category": "생활용품",
    "platform": "블로그",
    "description": "안녕하세요, 아디다스입니다.\n\n아디다스의 신제품 '선크림'을 체험하고 솔직한 리뷰를 작성해주실 블로그 인플루언서를 모집합니다.\n\n📌 제품 소개\n- 선크림는 생활용품 카테고리의 혁신적인 제품입니다.\n- 특별한 성분과 기술력으로 만들어진 프리미엄 제품입니다.\n- 많은 분들께 사랑받고 있는 아디다스의 베스트셀러입니다.\n\n✨ 체험단 미션\n1. 제품을 직접 사용해보고 솔직한 후기 작성\n2. 제품의 장점과 사용감을 상세히 소개\n3. 실사용 사진 3장 이상 포함\n4. 해시태그 필수 포함: #아디다스 #선크림 #체험단\n\n💝 제공 혜택\n- 선크림 정품 1개 (정가 55000원)\n- 우수 리뷰어 추가 혜택 제공\n- 아디다스 신제품 우선 체험 기회",
    "info": {
      "participants": "모집인원: 26명",
      "period": "신청기간: 2025. 7. 28. ~ 2025. 8. 5.",
      "announcement": "발표일: 2025. 8. 8.",
      "category": "카테고리: 생활용품",
      "platform": "플랫폼: 블로그",
      "mission": "미션: 제품 사용 후 블로그에 상세 리뷰 작성"
    },
    "requirements": {
      "followers": 1216,
      "engagementRate": "1.4",
      "contentQuality": "높음"
    },
    "provides": [
      "선크림 정품 1개",
      "무료 배송",
      "체험 가이드 제공",
      "우수 리뷰어 추가 혜택"
    ],
    "status": "ACTIVE",
    "applicants": 86,
    "viewCount": 674,
    "crawledAt": "2025-07-26T12:34:33.765Z",
    "detailImage": "/images/campaigns/campaign_17_detail.jpg"
  },
  {
    "id": 18,
    "url": "https://www.revu.net/campaign/1188578",
    "thumbnail": "/images/campaigns/campaign_18_thumb.jpg",
    "title": "[설화수] 비타민 블로그 체험단 모집",
    "brand": "설화수",
    "category": "패션",
    "platform": "블로그",
    "description": "안녕하세요, 설화수입니다.\n\n설화수의 신제품 '비타민'을 체험하고 솔직한 리뷰를 작성해주실 블로그 인플루언서를 모집합니다.\n\n📌 제품 소개\n- 비타민는 패션 카테고리의 혁신적인 제품입니다.\n- 특별한 성분과 기술력으로 만들어진 프리미엄 제품입니다.\n- 많은 분들께 사랑받고 있는 설화수의 베스트셀러입니다.\n\n✨ 체험단 미션\n1. 제품을 직접 사용해보고 솔직한 후기 작성\n2. 제품의 장점과 사용감을 상세히 소개\n3. 실사용 사진 3장 이상 포함\n4. 해시태그 필수 포함: #설화수 #비타민 #체험단\n\n💝 제공 혜택\n- 비타민 정품 1개 (정가 11000원)\n- 우수 리뷰어 추가 혜택 제공\n- 설화수 신제품 우선 체험 기회",
    "info": {
      "participants": "모집인원: 23명",
      "period": "신청기간: 2025. 8. 1. ~ 2025. 8. 16.",
      "announcement": "발표일: 2025. 8. 19.",
      "category": "카테고리: 패션",
      "platform": "플랫폼: 블로그",
      "mission": "미션: 제품 사용 후 블로그에 상세 리뷰 작성"
    },
    "requirements": {
      "followers": 1916,
      "engagementRate": "1.4",
      "contentQuality": "높음"
    },
    "provides": [
      "비타민 정품 1개",
      "무료 배송",
      "체험 가이드 제공",
      "우수 리뷰어 추가 혜택"
    ],
    "status": "CLOSED",
    "applicants": 89,
    "viewCount": 577,
    "crawledAt": "2025-07-26T12:34:33.765Z",
    "detailImage": "/images/campaigns/campaign_18_detail.jpg"
  },
  {
    "id": 19,
    "url": "https://www.revu.net/campaign/1188579",
    "thumbnail": "/images/campaigns/campaign_19_thumb.jpg",
    "title": "[미니스톱] 스마트워치 인스타그램 체험단 모집",
    "brand": "미니스톱",
    "category": "식품",
    "platform": "인스타그램",
    "description": "안녕하세요, 미니스톱입니다.\n\n미니스톱의 신제품 '스마트워치'을 체험하고 솔직한 리뷰를 작성해주실 인스타그램 인플루언서를 모집합니다.\n\n📌 제품 소개\n- 스마트워치는 식품 카테고리의 혁신적인 제품입니다.\n- 특별한 성분과 기술력으로 만들어진 프리미엄 제품입니다.\n- 많은 분들께 사랑받고 있는 미니스톱의 베스트셀러입니다.\n\n✨ 체험단 미션\n1. 제품을 직접 사용해보고 솔직한 후기 작성\n2. 제품의 장점과 사용감을 상세히 소개\n3. 실사용 사진 3장 이상 포함\n4. 해시태그 필수 포함: #미니스톱 #스마트워치 #체험단\n\n💝 제공 혜택\n- 스마트워치 정품 1개 (정가 26000원)\n- 우수 리뷰어 추가 혜택 제공\n- 미니스톱 신제품 우선 체험 기회",
    "info": {
      "participants": "모집인원: 23명",
      "period": "신청기간: 2025. 8. 1. ~ 2025. 8. 8.",
      "announcement": "발표일: 2025. 8. 11.",
      "category": "카테고리: 식품",
      "platform": "플랫폼: 인스타그램",
      "mission": "미션: 제품 사용 후 인스타그램에 상세 리뷰 작성"
    },
    "requirements": {
      "followers": 2383,
      "engagementRate": "1.1",
      "contentQuality": "높음"
    },
    "provides": [
      "스마트워치 정품 1개",
      "무료 배송",
      "체험 가이드 제공",
      "우수 리뷰어 추가 혜택"
    ],
    "status": "ACTIVE",
    "applicants": 80,
    "viewCount": 1096,
    "crawledAt": "2025-07-26T12:34:33.765Z",
    "detailImage": "/images/campaigns/campaign_19_detail.jpg"
  },
  {
    "id": 20,
    "url": "https://www.revu.net/campaign/1188580",
    "thumbnail": "/images/campaigns/campaign_20_thumb.jpg",
    "title": "[토니모리] 다이어트 보조제 유튜브 체험단 모집",
    "brand": "토니모리",
    "category": "전자제품",
    "platform": "유튜브",
    "description": "안녕하세요, 토니모리입니다.\n\n토니모리의 신제품 '다이어트 보조제'을 체험하고 솔직한 리뷰를 작성해주실 유튜브 인플루언서를 모집합니다.\n\n📌 제품 소개\n- 다이어트 보조제는 전자제품 카테고리의 혁신적인 제품입니다.\n- 특별한 성분과 기술력으로 만들어진 프리미엄 제품입니다.\n- 많은 분들께 사랑받고 있는 토니모리의 베스트셀러입니다.\n\n✨ 체험단 미션\n1. 제품을 직접 사용해보고 솔직한 후기 작성\n2. 제품의 장점과 사용감을 상세히 소개\n3. 실사용 사진 3장 이상 포함\n4. 해시태그 필수 포함: #토니모리 #다이어트보조제 #체험단\n\n💝 제공 혜택\n- 다이어트 보조제 정품 1개 (정가 25000원)\n- 우수 리뷰어 추가 혜택 제공\n- 토니모리 신제품 우선 체험 기회",
    "info": {
      "participants": "모집인원: 10명",
      "period": "신청기간: 2025. 8. 1. ~ 2025. 8. 21.",
      "announcement": "발표일: 2025. 8. 24.",
      "category": "카테고리: 전자제품",
      "platform": "플랫폼: 유튜브",
      "mission": "미션: 제품 사용 후 유튜브에 상세 리뷰 작성"
    },
    "requirements": {
      "followers": 4943,
      "engagementRate": "1.1",
      "contentQuality": "높음"
    },
    "provides": [
      "다이어트 보조제 정품 1개",
      "무료 배송",
      "체험 가이드 제공",
      "우수 리뷰어 추가 혜택"
    ],
    "status": "ACTIVE",
    "applicants": 120,
    "viewCount": 1113,
    "crawledAt": "2025-07-26T12:34:33.765Z",
    "detailImage": "/images/campaigns/campaign_20_detail.jpg"
  },
  {
    "id": 21,
    "url": "https://www.revu.net/campaign/1188581",
    "thumbnail": "/images/campaigns/campaign_21_thumb.jpg",
    "title": "[네이처리퍼블릭] 운동화 틱톡 체험단 모집",
    "brand": "네이처리퍼블릭",
    "category": "전자제품",
    "platform": "틱톡",
    "description": "안녕하세요, 네이처리퍼블릭입니다.\n\n네이처리퍼블릭의 신제품 '운동화'을 체험하고 솔직한 리뷰를 작성해주실 틱톡 인플루언서를 모집합니다.\n\n📌 제품 소개\n- 운동화는 전자제품 카테고리의 혁신적인 제품입니다.\n- 특별한 성분과 기술력으로 만들어진 프리미엄 제품입니다.\n- 많은 분들께 사랑받고 있는 네이처리퍼블릭의 베스트셀러입니다.\n\n✨ 체험단 미션\n1. 제품을 직접 사용해보고 솔직한 후기 작성\n2. 제품의 장점과 사용감을 상세히 소개\n3. 실사용 사진 3장 이상 포함\n4. 해시태그 필수 포함: #네이처리퍼블릭 #운동화 #체험단\n\n💝 제공 혜택\n- 운동화 정품 1개 (정가 53000원)\n- 우수 리뷰어 추가 혜택 제공\n- 네이처리퍼블릭 신제품 우선 체험 기회",
    "info": {
      "participants": "모집인원: 17명",
      "period": "신청기간: 2025. 7. 27. ~ 2025. 8. 5.",
      "announcement": "발표일: 2025. 8. 8.",
      "category": "카테고리: 전자제품",
      "platform": "플랫폼: 틱톡",
      "mission": "미션: 제품 사용 후 틱톡에 상세 리뷰 작성"
    },
    "requirements": {
      "followers": 1300,
      "engagementRate": "1.3",
      "contentQuality": "높음"
    },
    "provides": [
      "운동화 정품 1개",
      "무료 배송",
      "체험 가이드 제공",
      "우수 리뷰어 추가 혜택"
    ],
    "status": "CLOSED",
    "applicants": 96,
    "viewCount": 1239,
    "crawledAt": "2025-07-26T12:34:33.765Z",
    "detailImage": "/images/campaigns/campaign_21_detail.jpg"
  },
  {
    "id": 22,
    "url": "https://www.revu.net/campaign/1188582",
    "thumbnail": "/images/campaigns/campaign_22_thumb.jpg",
    "title": "[세븐일레븐] 다이어트 보조제 인스타그램 체험단 모집",
    "brand": "세븐일레븐",
    "category": "생활용품",
    "platform": "인스타그램",
    "description": "안녕하세요, 세븐일레븐입니다.\n\n세븐일레븐의 신제품 '다이어트 보조제'을 체험하고 솔직한 리뷰를 작성해주실 인스타그램 인플루언서를 모집합니다.\n\n📌 제품 소개\n- 다이어트 보조제는 생활용품 카테고리의 혁신적인 제품입니다.\n- 특별한 성분과 기술력으로 만들어진 프리미엄 제품입니다.\n- 많은 분들께 사랑받고 있는 세븐일레븐의 베스트셀러입니다.\n\n✨ 체험단 미션\n1. 제품을 직접 사용해보고 솔직한 후기 작성\n2. 제품의 장점과 사용감을 상세히 소개\n3. 실사용 사진 3장 이상 포함\n4. 해시태그 필수 포함: #세븐일레븐 #다이어트보조제 #체험단\n\n💝 제공 혜택\n- 다이어트 보조제 정품 1개 (정가 56000원)\n- 우수 리뷰어 추가 혜택 제공\n- 세븐일레븐 신제품 우선 체험 기회",
    "info": {
      "participants": "모집인원: 10명",
      "period": "신청기간: 2025. 7. 30. ~ 2025. 8. 12.",
      "announcement": "발표일: 2025. 8. 15.",
      "category": "카테고리: 생활용품",
      "platform": "플랫폼: 인스타그램",
      "mission": "미션: 제품 사용 후 인스타그램에 상세 리뷰 작성"
    },
    "requirements": {
      "followers": 3011,
      "engagementRate": "5.8",
      "contentQuality": "높음"
    },
    "provides": [
      "다이어트 보조제 정품 1개",
      "무료 배송",
      "체험 가이드 제공",
      "우수 리뷰어 추가 혜택"
    ],
    "status": "ACTIVE",
    "applicants": 85,
    "viewCount": 559,
    "crawledAt": "2025-07-26T12:34:33.765Z",
    "detailImage": "/images/campaigns/campaign_22_detail.jpg"
  },
  {
    "id": 23,
    "url": "https://www.revu.net/campaign/1188583",
    "thumbnail": "/images/campaigns/campaign_23_thumb.jpg",
    "title": "[닥터자르트] 후드티 블로그 체험단 모집",
    "brand": "닥터자르트",
    "category": "식품",
    "platform": "블로그",
    "description": "안녕하세요, 닥터자르트입니다.\n\n닥터자르트의 신제품 '후드티'을 체험하고 솔직한 리뷰를 작성해주실 블로그 인플루언서를 모집합니다.\n\n📌 제품 소개\n- 후드티는 식품 카테고리의 혁신적인 제품입니다.\n- 특별한 성분과 기술력으로 만들어진 프리미엄 제품입니다.\n- 많은 분들께 사랑받고 있는 닥터자르트의 베스트셀러입니다.\n\n✨ 체험단 미션\n1. 제품을 직접 사용해보고 솔직한 후기 작성\n2. 제품의 장점과 사용감을 상세히 소개\n3. 실사용 사진 3장 이상 포함\n4. 해시태그 필수 포함: #닥터자르트 #후드티 #체험단\n\n💝 제공 혜택\n- 후드티 정품 1개 (정가 53000원)\n- 우수 리뷰어 추가 혜택 제공\n- 닥터자르트 신제품 우선 체험 기회",
    "info": {
      "participants": "모집인원: 14명",
      "period": "신청기간: 2025. 8. 1. ~ 2025. 8. 11.",
      "announcement": "발표일: 2025. 8. 14.",
      "category": "카테고리: 식품",
      "platform": "플랫폼: 블로그",
      "mission": "미션: 제품 사용 후 블로그에 상세 리뷰 작성"
    },
    "requirements": {
      "followers": 3663,
      "engagementRate": "4.2",
      "contentQuality": "높음"
    },
    "provides": [
      "후드티 정품 1개",
      "무료 배송",
      "체험 가이드 제공",
      "우수 리뷰어 추가 혜택"
    ],
    "status": "ACTIVE",
    "applicants": 68,
    "viewCount": 769,
    "crawledAt": "2025-07-26T12:34:33.765Z",
    "detailImage": "/images/campaigns/campaign_23_detail.jpg"
  },
  {
    "id": 24,
    "url": "https://www.revu.net/campaign/1188584",
    "thumbnail": "/images/campaigns/campaign_24_thumb.jpg",
    "title": "[후] 공기청정기 블로그 체험단 모집",
    "brand": "후",
    "category": "뷰티",
    "platform": "블로그",
    "description": "안녕하세요, 후입니다.\n\n후의 신제품 '공기청정기'을 체험하고 솔직한 리뷰를 작성해주실 블로그 인플루언서를 모집합니다.\n\n📌 제품 소개\n- 공기청정기는 뷰티 카테고리의 혁신적인 제품입니다.\n- 특별한 성분과 기술력으로 만들어진 프리미엄 제품입니다.\n- 많은 분들께 사랑받고 있는 후의 베스트셀러입니다.\n\n✨ 체험단 미션\n1. 제품을 직접 사용해보고 솔직한 후기 작성\n2. 제품의 장점과 사용감을 상세히 소개\n3. 실사용 사진 3장 이상 포함\n4. 해시태그 필수 포함: #후 #공기청정기 #체험단\n\n💝 제공 혜택\n- 공기청정기 정품 1개 (정가 38000원)\n- 우수 리뷰어 추가 혜택 제공\n- 후 신제품 우선 체험 기회",
    "info": {
      "participants": "모집인원: 29명",
      "period": "신청기간: 2025. 7. 31. ~ 2025. 8. 17.",
      "announcement": "발표일: 2025. 8. 20.",
      "category": "카테고리: 뷰티",
      "platform": "플랫폼: 블로그",
      "mission": "미션: 제품 사용 후 블로그에 상세 리뷰 작성"
    },
    "requirements": {
      "followers": 4773,
      "engagementRate": "3.2",
      "contentQuality": "높음"
    },
    "provides": [
      "공기청정기 정품 1개",
      "무료 배송",
      "체험 가이드 제공",
      "우수 리뷰어 추가 혜택"
    ],
    "status": "CLOSED",
    "applicants": 132,
    "viewCount": 985,
    "crawledAt": "2025-07-26T12:34:33.765Z",
    "detailImage": "/images/campaigns/campaign_24_detail.jpg"
  },
  {
    "id": 25,
    "url": "https://www.revu.net/campaign/1188585",
    "thumbnail": "/images/campaigns/campaign_25_thumb.jpg",
    "title": "[이니스프리] 스마트워치 인스타그램 체험단 모집",
    "brand": "이니스프리",
    "category": "패션",
    "platform": "인스타그램",
    "description": "안녕하세요, 이니스프리입니다.\n\n이니스프리의 신제품 '스마트워치'을 체험하고 솔직한 리뷰를 작성해주실 인스타그램 인플루언서를 모집합니다.\n\n📌 제품 소개\n- 스마트워치는 패션 카테고리의 혁신적인 제품입니다.\n- 특별한 성분과 기술력으로 만들어진 프리미엄 제품입니다.\n- 많은 분들께 사랑받고 있는 이니스프리의 베스트셀러입니다.\n\n✨ 체험단 미션\n1. 제품을 직접 사용해보고 솔직한 후기 작성\n2. 제품의 장점과 사용감을 상세히 소개\n3. 실사용 사진 3장 이상 포함\n4. 해시태그 필수 포함: #이니스프리 #스마트워치 #체험단\n\n💝 제공 혜택\n- 스마트워치 정품 1개 (정가 31000원)\n- 우수 리뷰어 추가 혜택 제공\n- 이니스프리 신제품 우선 체험 기회",
    "info": {
      "participants": "모집인원: 26명",
      "period": "신청기간: 2025. 7. 27. ~ 2025. 8. 16.",
      "announcement": "발표일: 2025. 8. 19.",
      "category": "카테고리: 패션",
      "platform": "플랫폼: 인스타그램",
      "mission": "미션: 제품 사용 후 인스타그램에 상세 리뷰 작성"
    },
    "requirements": {
      "followers": 4527,
      "engagementRate": "3.7",
      "contentQuality": "높음"
    },
    "provides": [
      "스마트워치 정품 1개",
      "무료 배송",
      "체험 가이드 제공",
      "우수 리뷰어 추가 혜택"
    ],
    "status": "ACTIVE",
    "applicants": 88,
    "viewCount": 526,
    "crawledAt": "2025-07-26T12:34:33.765Z",
    "detailImage": "/images/campaigns/campaign_25_detail.jpg"
  },
  {
    "id": 26,
    "url": "https://www.revu.net/campaign/1188586",
    "thumbnail": "/images/campaigns/campaign_26_thumb.jpg",
    "title": "[자라] 수분 에센스 유튜브 체험단 모집",
    "brand": "자라",
    "category": "패션",
    "platform": "유튜브",
    "description": "안녕하세요, 자라입니다.\n\n자라의 신제품 '수분 에센스'을 체험하고 솔직한 리뷰를 작성해주실 유튜브 인플루언서를 모집합니다.\n\n📌 제품 소개\n- 수분 에센스는 패션 카테고리의 혁신적인 제품입니다.\n- 특별한 성분과 기술력으로 만들어진 프리미엄 제품입니다.\n- 많은 분들께 사랑받고 있는 자라의 베스트셀러입니다.\n\n✨ 체험단 미션\n1. 제품을 직접 사용해보고 솔직한 후기 작성\n2. 제품의 장점과 사용감을 상세히 소개\n3. 실사용 사진 3장 이상 포함\n4. 해시태그 필수 포함: #자라 #수분에센스 #체험단\n\n💝 제공 혜택\n- 수분 에센스 정품 1개 (정가 29000원)\n- 우수 리뷰어 추가 혜택 제공\n- 자라 신제품 우선 체험 기회",
    "info": {
      "participants": "모집인원: 14명",
      "period": "신청기간: 2025. 7. 29. ~ 2025. 8. 16.",
      "announcement": "발표일: 2025. 8. 19.",
      "category": "카테고리: 패션",
      "platform": "플랫폼: 유튜브",
      "mission": "미션: 제품 사용 후 유튜브에 상세 리뷰 작성"
    },
    "requirements": {
      "followers": 4937,
      "engagementRate": "5.9",
      "contentQuality": "높음"
    },
    "provides": [
      "수분 에센스 정품 1개",
      "무료 배송",
      "체험 가이드 제공",
      "우수 리뷰어 추가 혜택"
    ],
    "status": "ACTIVE",
    "applicants": 137,
    "viewCount": 821,
    "crawledAt": "2025-07-26T12:34:33.765Z",
    "detailImage": "/images/campaigns/campaign_26_detail.jpg"
  },
  {
    "id": 27,
    "url": "https://www.revu.net/campaign/1188587",
    "thumbnail": "/images/campaigns/campaign_27_thumb.jpg",
    "title": "[삼성] 운동화 인스타그램 체험단 모집",
    "brand": "삼성",
    "category": "생활용품",
    "platform": "인스타그램",
    "description": "안녕하세요, 삼성입니다.\n\n삼성의 신제품 '운동화'을 체험하고 솔직한 리뷰를 작성해주실 인스타그램 인플루언서를 모집합니다.\n\n📌 제품 소개\n- 운동화는 생활용품 카테고리의 혁신적인 제품입니다.\n- 특별한 성분과 기술력으로 만들어진 프리미엄 제품입니다.\n- 많은 분들께 사랑받고 있는 삼성의 베스트셀러입니다.\n\n✨ 체험단 미션\n1. 제품을 직접 사용해보고 솔직한 후기 작성\n2. 제품의 장점과 사용감을 상세히 소개\n3. 실사용 사진 3장 이상 포함\n4. 해시태그 필수 포함: #삼성 #운동화 #체험단\n\n💝 제공 혜택\n- 운동화 정품 1개 (정가 45000원)\n- 우수 리뷰어 추가 혜택 제공\n- 삼성 신제품 우선 체험 기회",
    "info": {
      "participants": "모집인원: 19명",
      "period": "신청기간: 2025. 8. 1. ~ 2025. 8. 9.",
      "announcement": "발표일: 2025. 8. 12.",
      "category": "카테고리: 생활용품",
      "platform": "플랫폼: 인스타그램",
      "mission": "미션: 제품 사용 후 인스타그램에 상세 리뷰 작성"
    },
    "requirements": {
      "followers": 3044,
      "engagementRate": "4.5",
      "contentQuality": "높음"
    },
    "provides": [
      "운동화 정품 1개",
      "무료 배송",
      "체험 가이드 제공",
      "우수 리뷰어 추가 혜택"
    ],
    "status": "CLOSED",
    "applicants": 112,
    "viewCount": 1450,
    "crawledAt": "2025-07-26T12:34:33.766Z",
    "detailImage": "/images/campaigns/campaign_27_detail.jpg"
  },
  {
    "id": 28,
    "url": "https://www.revu.net/campaign/1188588",
    "thumbnail": "/images/campaigns/campaign_28_thumb.jpg",
    "title": "[미니스톱] 공기청정기 인스타그램 체험단 모집",
    "brand": "미니스톱",
    "category": "패션",
    "platform": "인스타그램",
    "description": "안녕하세요, 미니스톱입니다.\n\n미니스톱의 신제품 '공기청정기'을 체험하고 솔직한 리뷰를 작성해주실 인스타그램 인플루언서를 모집합니다.\n\n📌 제품 소개\n- 공기청정기는 패션 카테고리의 혁신적인 제품입니다.\n- 특별한 성분과 기술력으로 만들어진 프리미엄 제품입니다.\n- 많은 분들께 사랑받고 있는 미니스톱의 베스트셀러입니다.\n\n✨ 체험단 미션\n1. 제품을 직접 사용해보고 솔직한 후기 작성\n2. 제품의 장점과 사용감을 상세히 소개\n3. 실사용 사진 3장 이상 포함\n4. 해시태그 필수 포함: #미니스톱 #공기청정기 #체험단\n\n💝 제공 혜택\n- 공기청정기 정품 1개 (정가 55000원)\n- 우수 리뷰어 추가 혜택 제공\n- 미니스톱 신제품 우선 체험 기회",
    "info": {
      "participants": "모집인원: 23명",
      "period": "신청기간: 2025. 7. 31. ~ 2025. 8. 17.",
      "announcement": "발표일: 2025. 8. 20.",
      "category": "카테고리: 패션",
      "platform": "플랫폼: 인스타그램",
      "mission": "미션: 제품 사용 후 인스타그램에 상세 리뷰 작성"
    },
    "requirements": {
      "followers": 4463,
      "engagementRate": "5.0",
      "contentQuality": "높음"
    },
    "provides": [
      "공기청정기 정품 1개",
      "무료 배송",
      "체험 가이드 제공",
      "우수 리뷰어 추가 혜택"
    ],
    "status": "ACTIVE",
    "applicants": 94,
    "viewCount": 1443,
    "crawledAt": "2025-07-26T12:34:33.766Z",
    "detailImage": "/images/campaigns/campaign_28_detail.jpg"
  },
  {
    "id": 29,
    "url": "https://www.revu.net/campaign/1188589",
    "thumbnail": "/images/campaigns/campaign_29_thumb.jpg",
    "title": "[후] 원피스 유튜브 체험단 모집",
    "brand": "후",
    "category": "패션",
    "platform": "유튜브",
    "description": "안녕하세요, 후입니다.\n\n후의 신제품 '원피스'을 체험하고 솔직한 리뷰를 작성해주실 유튜브 인플루언서를 모집합니다.\n\n📌 제품 소개\n- 원피스는 패션 카테고리의 혁신적인 제품입니다.\n- 특별한 성분과 기술력으로 만들어진 프리미엄 제품입니다.\n- 많은 분들께 사랑받고 있는 후의 베스트셀러입니다.\n\n✨ 체험단 미션\n1. 제품을 직접 사용해보고 솔직한 후기 작성\n2. 제품의 장점과 사용감을 상세히 소개\n3. 실사용 사진 3장 이상 포함\n4. 해시태그 필수 포함: #후 #원피스 #체험단\n\n💝 제공 혜택\n- 원피스 정품 1개 (정가 14000원)\n- 우수 리뷰어 추가 혜택 제공\n- 후 신제품 우선 체험 기회",
    "info": {
      "participants": "모집인원: 10명",
      "period": "신청기간: 2025. 7. 26. ~ 2025. 8. 14.",
      "announcement": "발표일: 2025. 8. 17.",
      "category": "카테고리: 패션",
      "platform": "플랫폼: 유튜브",
      "mission": "미션: 제품 사용 후 유튜브에 상세 리뷰 작성"
    },
    "requirements": {
      "followers": 1914,
      "engagementRate": "3.4",
      "contentQuality": "높음"
    },
    "provides": [
      "원피스 정품 1개",
      "무료 배송",
      "체험 가이드 제공",
      "우수 리뷰어 추가 혜택"
    ],
    "status": "ACTIVE",
    "applicants": 89,
    "viewCount": 965,
    "crawledAt": "2025-07-26T12:34:33.766Z",
    "detailImage": "/images/campaigns/campaign_29_detail.jpg"
  },
  {
    "id": 30,
    "url": "https://www.revu.net/campaign/1188590",
    "thumbnail": "/images/campaigns/campaign_30_thumb.jpg",
    "title": "[이마트24] 후드티 인스타그램 체험단 모집",
    "brand": "이마트24",
    "category": "식품",
    "platform": "인스타그램",
    "description": "안녕하세요, 이마트24입니다.\n\n이마트24의 신제품 '후드티'을 체험하고 솔직한 리뷰를 작성해주실 인스타그램 인플루언서를 모집합니다.\n\n📌 제품 소개\n- 후드티는 식품 카테고리의 혁신적인 제품입니다.\n- 특별한 성분과 기술력으로 만들어진 프리미엄 제품입니다.\n- 많은 분들께 사랑받고 있는 이마트24의 베스트셀러입니다.\n\n✨ 체험단 미션\n1. 제품을 직접 사용해보고 솔직한 후기 작성\n2. 제품의 장점과 사용감을 상세히 소개\n3. 실사용 사진 3장 이상 포함\n4. 해시태그 필수 포함: #이마트24 #후드티 #체험단\n\n💝 제공 혜택\n- 후드티 정품 1개 (정가 44000원)\n- 우수 리뷰어 추가 혜택 제공\n- 이마트24 신제품 우선 체험 기회",
    "info": {
      "participants": "모집인원: 11명",
      "period": "신청기간: 2025. 7. 29. ~ 2025. 8. 11.",
      "announcement": "발표일: 2025. 8. 14.",
      "category": "카테고리: 식품",
      "platform": "플랫폼: 인스타그램",
      "mission": "미션: 제품 사용 후 인스타그램에 상세 리뷰 작성"
    },
    "requirements": {
      "followers": 3909,
      "engagementRate": "1.2",
      "contentQuality": "높음"
    },
    "provides": [
      "후드티 정품 1개",
      "무료 배송",
      "체험 가이드 제공",
      "우수 리뷰어 추가 혜택"
    ],
    "status": "CLOSED",
    "applicants": 136,
    "viewCount": 1176,
    "crawledAt": "2025-07-26T12:34:33.766Z",
    "detailImage": "/images/campaigns/campaign_30_detail.jpg"
  },
  {
    "id": 31,
    "url": "https://www.revu.net/campaign/1188591",
    "thumbnail": "/images/campaigns/campaign_31_thumb.jpg",
    "title": "[LG] 스마트워치 유튜브 체험단 모집",
    "brand": "LG",
    "category": "전자제품",
    "platform": "유튜브",
    "description": "안녕하세요, LG입니다.\n\nLG의 신제품 '스마트워치'을 체험하고 솔직한 리뷰를 작성해주실 유튜브 인플루언서를 모집합니다.\n\n📌 제품 소개\n- 스마트워치는 전자제품 카테고리의 혁신적인 제품입니다.\n- 특별한 성분과 기술력으로 만들어진 프리미엄 제품입니다.\n- 많은 분들께 사랑받고 있는 LG의 베스트셀러입니다.\n\n✨ 체험단 미션\n1. 제품을 직접 사용해보고 솔직한 후기 작성\n2. 제품의 장점과 사용감을 상세히 소개\n3. 실사용 사진 3장 이상 포함\n4. 해시태그 필수 포함: #LG #스마트워치 #체험단\n\n💝 제공 혜택\n- 스마트워치 정품 1개 (정가 18000원)\n- 우수 리뷰어 추가 혜택 제공\n- LG 신제품 우선 체험 기회",
    "info": {
      "participants": "모집인원: 17명",
      "period": "신청기간: 2025. 7. 27. ~ 2025. 8. 4.",
      "announcement": "발표일: 2025. 8. 7.",
      "category": "카테고리: 전자제품",
      "platform": "플랫폼: 유튜브",
      "mission": "미션: 제품 사용 후 유튜브에 상세 리뷰 작성"
    },
    "requirements": {
      "followers": 3265,
      "engagementRate": "1.7",
      "contentQuality": "높음"
    },
    "provides": [
      "스마트워치 정품 1개",
      "무료 배송",
      "체험 가이드 제공",
      "우수 리뷰어 추가 혜택"
    ],
    "status": "ACTIVE",
    "applicants": 89,
    "viewCount": 937,
    "crawledAt": "2025-07-26T12:34:33.766Z",
    "detailImage": "/images/campaigns/campaign_31_detail.jpg"
  },
  {
    "id": 32,
    "url": "https://www.revu.net/campaign/1188592",
    "thumbnail": "/images/campaigns/campaign_32_thumb.jpg",
    "title": "[설화수] 수분 에센스 틱톡 체험단 모집",
    "brand": "설화수",
    "category": "전자제품",
    "platform": "틱톡",
    "description": "안녕하세요, 설화수입니다.\n\n설화수의 신제품 '수분 에센스'을 체험하고 솔직한 리뷰를 작성해주실 틱톡 인플루언서를 모집합니다.\n\n📌 제품 소개\n- 수분 에센스는 전자제품 카테고리의 혁신적인 제품입니다.\n- 특별한 성분과 기술력으로 만들어진 프리미엄 제품입니다.\n- 많은 분들께 사랑받고 있는 설화수의 베스트셀러입니다.\n\n✨ 체험단 미션\n1. 제품을 직접 사용해보고 솔직한 후기 작성\n2. 제품의 장점과 사용감을 상세히 소개\n3. 실사용 사진 3장 이상 포함\n4. 해시태그 필수 포함: #설화수 #수분에센스 #체험단\n\n💝 제공 혜택\n- 수분 에센스 정품 1개 (정가 16000원)\n- 우수 리뷰어 추가 혜택 제공\n- 설화수 신제품 우선 체험 기회",
    "info": {
      "participants": "모집인원: 19명",
      "period": "신청기간: 2025. 7. 30. ~ 2025. 8. 10.",
      "announcement": "발표일: 2025. 8. 13.",
      "category": "카테고리: 전자제품",
      "platform": "플랫폼: 틱톡",
      "mission": "미션: 제품 사용 후 틱톡에 상세 리뷰 작성"
    },
    "requirements": {
      "followers": 5288,
      "engagementRate": "3.7",
      "contentQuality": "높음"
    },
    "provides": [
      "수분 에센스 정품 1개",
      "무료 배송",
      "체험 가이드 제공",
      "우수 리뷰어 추가 혜택"
    ],
    "status": "ACTIVE",
    "applicants": 119,
    "viewCount": 599,
    "crawledAt": "2025-07-26T12:34:33.766Z",
    "detailImage": "/images/campaigns/campaign_32_detail.jpg"
  },
  {
    "id": 33,
    "url": "https://www.revu.net/campaign/1188593",
    "thumbnail": "/images/campaigns/campaign_33_thumb.jpg",
    "title": "[아디다스] 콜라겐 인스타그램 체험단 모집",
    "brand": "아디다스",
    "category": "식품",
    "platform": "인스타그램",
    "description": "안녕하세요, 아디다스입니다.\n\n아디다스의 신제품 '콜라겐'을 체험하고 솔직한 리뷰를 작성해주실 인스타그램 인플루언서를 모집합니다.\n\n📌 제품 소개\n- 콜라겐는 식품 카테고리의 혁신적인 제품입니다.\n- 특별한 성분과 기술력으로 만들어진 프리미엄 제품입니다.\n- 많은 분들께 사랑받고 있는 아디다스의 베스트셀러입니다.\n\n✨ 체험단 미션\n1. 제품을 직접 사용해보고 솔직한 후기 작성\n2. 제품의 장점과 사용감을 상세히 소개\n3. 실사용 사진 3장 이상 포함\n4. 해시태그 필수 포함: #아디다스 #콜라겐 #체험단\n\n💝 제공 혜택\n- 콜라겐 정품 1개 (정가 45000원)\n- 우수 리뷰어 추가 혜택 제공\n- 아디다스 신제품 우선 체험 기회",
    "info": {
      "participants": "모집인원: 19명",
      "period": "신청기간: 2025. 7. 30. ~ 2025. 8. 10.",
      "announcement": "발표일: 2025. 8. 13.",
      "category": "카테고리: 식품",
      "platform": "플랫폼: 인스타그램",
      "mission": "미션: 제품 사용 후 인스타그램에 상세 리뷰 작성"
    },
    "requirements": {
      "followers": 3675,
      "engagementRate": "2.5",
      "contentQuality": "높음"
    },
    "provides": [
      "콜라겐 정품 1개",
      "무료 배송",
      "체험 가이드 제공",
      "우수 리뷰어 추가 혜택"
    ],
    "status": "CLOSED",
    "applicants": 70,
    "viewCount": 1022,
    "crawledAt": "2025-07-26T12:34:33.766Z",
    "detailImage": "/images/campaigns/campaign_33_detail.jpg"
  },
  {
    "id": 34,
    "url": "https://www.revu.net/campaign/1188594",
    "thumbnail": "/images/campaigns/campaign_34_thumb.jpg",
    "title": "[설화수] 후드티 인스타그램 체험단 모집",
    "brand": "설화수",
    "category": "생활용품",
    "platform": "인스타그램",
    "description": "안녕하세요, 설화수입니다.\n\n설화수의 신제품 '후드티'을 체험하고 솔직한 리뷰를 작성해주실 인스타그램 인플루언서를 모집합니다.\n\n📌 제품 소개\n- 후드티는 생활용품 카테고리의 혁신적인 제품입니다.\n- 특별한 성분과 기술력으로 만들어진 프리미엄 제품입니다.\n- 많은 분들께 사랑받고 있는 설화수의 베스트셀러입니다.\n\n✨ 체험단 미션\n1. 제품을 직접 사용해보고 솔직한 후기 작성\n2. 제품의 장점과 사용감을 상세히 소개\n3. 실사용 사진 3장 이상 포함\n4. 해시태그 필수 포함: #설화수 #후드티 #체험단\n\n💝 제공 혜택\n- 후드티 정품 1개 (정가 48000원)\n- 우수 리뷰어 추가 혜택 제공\n- 설화수 신제품 우선 체험 기회",
    "info": {
      "participants": "모집인원: 12명",
      "period": "신청기간: 2025. 8. 1. ~ 2025. 8. 8.",
      "announcement": "발표일: 2025. 8. 11.",
      "category": "카테고리: 생활용품",
      "platform": "플랫폼: 인스타그램",
      "mission": "미션: 제품 사용 후 인스타그램에 상세 리뷰 작성"
    },
    "requirements": {
      "followers": 3627,
      "engagementRate": "5.9",
      "contentQuality": "높음"
    },
    "provides": [
      "후드티 정품 1개",
      "무료 배송",
      "체험 가이드 제공",
      "우수 리뷰어 추가 혜택"
    ],
    "status": "ACTIVE",
    "applicants": 72,
    "viewCount": 545,
    "crawledAt": "2025-07-26T12:34:33.766Z",
    "detailImage": "/images/campaigns/campaign_34_detail.jpg"
  },
  {
    "id": 35,
    "url": "https://www.revu.net/campaign/1188595",
    "thumbnail": "/images/campaigns/campaign_35_thumb.jpg",
    "title": "[아디다스] 다이어트 보조제 인스타그램 체험단 모집",
    "brand": "아디다스",
    "category": "생활용품",
    "platform": "인스타그램",
    "description": "안녕하세요, 아디다스입니다.\n\n아디다스의 신제품 '다이어트 보조제'을 체험하고 솔직한 리뷰를 작성해주실 인스타그램 인플루언서를 모집합니다.\n\n📌 제품 소개\n- 다이어트 보조제는 생활용품 카테고리의 혁신적인 제품입니다.\n- 특별한 성분과 기술력으로 만들어진 프리미엄 제품입니다.\n- 많은 분들께 사랑받고 있는 아디다스의 베스트셀러입니다.\n\n✨ 체험단 미션\n1. 제품을 직접 사용해보고 솔직한 후기 작성\n2. 제품의 장점과 사용감을 상세히 소개\n3. 실사용 사진 3장 이상 포함\n4. 해시태그 필수 포함: #아디다스 #다이어트보조제 #체험단\n\n💝 제공 혜택\n- 다이어트 보조제 정품 1개 (정가 58000원)\n- 우수 리뷰어 추가 혜택 제공\n- 아디다스 신제품 우선 체험 기회",
    "info": {
      "participants": "모집인원: 16명",
      "period": "신청기간: 2025. 7. 28. ~ 2025. 8. 4.",
      "announcement": "발표일: 2025. 8. 7.",
      "category": "카테고리: 생활용품",
      "platform": "플랫폼: 인스타그램",
      "mission": "미션: 제품 사용 후 인스타그램에 상세 리뷰 작성"
    },
    "requirements": {
      "followers": 5102,
      "engagementRate": "5.1",
      "contentQuality": "높음"
    },
    "provides": [
      "다이어트 보조제 정품 1개",
      "무료 배송",
      "체험 가이드 제공",
      "우수 리뷰어 추가 혜택"
    ],
    "status": "ACTIVE",
    "applicants": 71,
    "viewCount": 734,
    "crawledAt": "2025-07-26T12:34:33.766Z",
    "detailImage": "/images/campaigns/campaign_35_detail.jpg"
  },
  {
    "id": 36,
    "url": "https://www.revu.net/campaign/1188596",
    "thumbnail": "/images/campaigns/campaign_36_thumb.jpg",
    "title": "[LG] 비타민 인스타그램 체험단 모집",
    "brand": "LG",
    "category": "뷰티",
    "platform": "인스타그램",
    "description": "안녕하세요, LG입니다.\n\nLG의 신제품 '비타민'을 체험하고 솔직한 리뷰를 작성해주실 인스타그램 인플루언서를 모집합니다.\n\n📌 제품 소개\n- 비타민는 뷰티 카테고리의 혁신적인 제품입니다.\n- 특별한 성분과 기술력으로 만들어진 프리미엄 제품입니다.\n- 많은 분들께 사랑받고 있는 LG의 베스트셀러입니다.\n\n✨ 체험단 미션\n1. 제품을 직접 사용해보고 솔직한 후기 작성\n2. 제품의 장점과 사용감을 상세히 소개\n3. 실사용 사진 3장 이상 포함\n4. 해시태그 필수 포함: #LG #비타민 #체험단\n\n💝 제공 혜택\n- 비타민 정품 1개 (정가 14000원)\n- 우수 리뷰어 추가 혜택 제공\n- LG 신제품 우선 체험 기회",
    "info": {
      "participants": "모집인원: 11명",
      "period": "신청기간: 2025. 7. 28. ~ 2025. 8. 9.",
      "announcement": "발표일: 2025. 8. 12.",
      "category": "카테고리: 뷰티",
      "platform": "플랫폼: 인스타그램",
      "mission": "미션: 제품 사용 후 인스타그램에 상세 리뷰 작성"
    },
    "requirements": {
      "followers": 3578,
      "engagementRate": "4.2",
      "contentQuality": "높음"
    },
    "provides": [
      "비타민 정품 1개",
      "무료 배송",
      "체험 가이드 제공",
      "우수 리뷰어 추가 혜택"
    ],
    "status": "CLOSED",
    "applicants": 58,
    "viewCount": 1077,
    "crawledAt": "2025-07-26T12:34:33.766Z",
    "detailImage": "/images/campaigns/campaign_36_detail.jpg"
  },
  {
    "id": 37,
    "url": "https://www.revu.net/campaign/1188597",
    "thumbnail": "/images/campaigns/campaign_37_thumb.jpg",
    "title": "[올리브영] 스마트워치 유튜브 체험단 모집",
    "brand": "올리브영",
    "category": "전자제품",
    "platform": "유튜브",
    "description": "안녕하세요, 올리브영입니다.\n\n올리브영의 신제품 '스마트워치'을 체험하고 솔직한 리뷰를 작성해주실 유튜브 인플루언서를 모집합니다.\n\n📌 제품 소개\n- 스마트워치는 전자제품 카테고리의 혁신적인 제품입니다.\n- 특별한 성분과 기술력으로 만들어진 프리미엄 제품입니다.\n- 많은 분들께 사랑받고 있는 올리브영의 베스트셀러입니다.\n\n✨ 체험단 미션\n1. 제품을 직접 사용해보고 솔직한 후기 작성\n2. 제품의 장점과 사용감을 상세히 소개\n3. 실사용 사진 3장 이상 포함\n4. 해시태그 필수 포함: #올리브영 #스마트워치 #체험단\n\n💝 제공 혜택\n- 스마트워치 정품 1개 (정가 45000원)\n- 우수 리뷰어 추가 혜택 제공\n- 올리브영 신제품 우선 체험 기회",
    "info": {
      "participants": "모집인원: 21명",
      "period": "신청기간: 2025. 7. 27. ~ 2025. 8. 14.",
      "announcement": "발표일: 2025. 8. 17.",
      "category": "카테고리: 전자제품",
      "platform": "플랫폼: 유튜브",
      "mission": "미션: 제품 사용 후 유튜브에 상세 리뷰 작성"
    },
    "requirements": {
      "followers": 3777,
      "engagementRate": "2.5",
      "contentQuality": "높음"
    },
    "provides": [
      "스마트워치 정품 1개",
      "무료 배송",
      "체험 가이드 제공",
      "우수 리뷰어 추가 혜택"
    ],
    "status": "ACTIVE",
    "applicants": 136,
    "viewCount": 800,
    "crawledAt": "2025-07-26T12:34:33.766Z",
    "detailImage": "/images/campaigns/campaign_37_detail.jpg"
  },
  {
    "id": 38,
    "url": "https://www.revu.net/campaign/1188598",
    "thumbnail": "/images/campaigns/campaign_38_thumb.jpg",
    "title": "[아디다스] 비타민 틱톡 체험단 모집",
    "brand": "아디다스",
    "category": "패션",
    "platform": "틱톡",
    "description": "안녕하세요, 아디다스입니다.\n\n아디다스의 신제품 '비타민'을 체험하고 솔직한 리뷰를 작성해주실 틱톡 인플루언서를 모집합니다.\n\n📌 제품 소개\n- 비타민는 패션 카테고리의 혁신적인 제품입니다.\n- 특별한 성분과 기술력으로 만들어진 프리미엄 제품입니다.\n- 많은 분들께 사랑받고 있는 아디다스의 베스트셀러입니다.\n\n✨ 체험단 미션\n1. 제품을 직접 사용해보고 솔직한 후기 작성\n2. 제품의 장점과 사용감을 상세히 소개\n3. 실사용 사진 3장 이상 포함\n4. 해시태그 필수 포함: #아디다스 #비타민 #체험단\n\n💝 제공 혜택\n- 비타민 정품 1개 (정가 59000원)\n- 우수 리뷰어 추가 혜택 제공\n- 아디다스 신제품 우선 체험 기회",
    "info": {
      "participants": "모집인원: 28명",
      "period": "신청기간: 2025. 7. 28. ~ 2025. 8. 12.",
      "announcement": "발표일: 2025. 8. 15.",
      "category": "카테고리: 패션",
      "platform": "플랫폼: 틱톡",
      "mission": "미션: 제품 사용 후 틱톡에 상세 리뷰 작성"
    },
    "requirements": {
      "followers": 1036,
      "engagementRate": "2.9",
      "contentQuality": "높음"
    },
    "provides": [
      "비타민 정품 1개",
      "무료 배송",
      "체험 가이드 제공",
      "우수 리뷰어 추가 혜택"
    ],
    "status": "ACTIVE",
    "applicants": 51,
    "viewCount": 1334,
    "crawledAt": "2025-07-26T12:34:33.766Z",
    "detailImage": "/images/campaigns/campaign_38_detail.jpg"
  },
  {
    "id": 39,
    "url": "https://www.revu.net/campaign/1188599",
    "thumbnail": "/images/campaigns/campaign_39_thumb.jpg",
    "title": "[토니모리] 블루투스 스피커 틱톡 체험단 모집",
    "brand": "토니모리",
    "category": "뷰티",
    "platform": "틱톡",
    "description": "안녕하세요, 토니모리입니다.\n\n토니모리의 신제품 '블루투스 스피커'을 체험하고 솔직한 리뷰를 작성해주실 틱톡 인플루언서를 모집합니다.\n\n📌 제품 소개\n- 블루투스 스피커는 뷰티 카테고리의 혁신적인 제품입니다.\n- 특별한 성분과 기술력으로 만들어진 프리미엄 제품입니다.\n- 많은 분들께 사랑받고 있는 토니모리의 베스트셀러입니다.\n\n✨ 체험단 미션\n1. 제품을 직접 사용해보고 솔직한 후기 작성\n2. 제품의 장점과 사용감을 상세히 소개\n3. 실사용 사진 3장 이상 포함\n4. 해시태그 필수 포함: #토니모리 #블루투스스피커 #체험단\n\n💝 제공 혜택\n- 블루투스 스피커 정품 1개 (정가 14000원)\n- 우수 리뷰어 추가 혜택 제공\n- 토니모리 신제품 우선 체험 기회",
    "info": {
      "participants": "모집인원: 10명",
      "period": "신청기간: 2025. 8. 1. ~ 2025. 8. 16.",
      "announcement": "발표일: 2025. 8. 19.",
      "category": "카테고리: 뷰티",
      "platform": "플랫폼: 틱톡",
      "mission": "미션: 제품 사용 후 틱톡에 상세 리뷰 작성"
    },
    "requirements": {
      "followers": 2020,
      "engagementRate": "1.6",
      "contentQuality": "높음"
    },
    "provides": [
      "블루투스 스피커 정품 1개",
      "무료 배송",
      "체험 가이드 제공",
      "우수 리뷰어 추가 혜택"
    ],
    "status": "CLOSED",
    "applicants": 145,
    "viewCount": 1109,
    "crawledAt": "2025-07-26T12:34:33.766Z",
    "detailImage": "/images/campaigns/campaign_39_detail.jpg"
  },
  {
    "id": 40,
    "url": "https://www.revu.net/campaign/1188600",
    "thumbnail": "/images/campaigns/campaign_40_thumb.jpg",
    "title": "[GS25] 비타민 틱톡 체험단 모집",
    "brand": "GS25",
    "category": "식품",
    "platform": "틱톡",
    "description": "안녕하세요, GS25입니다.\n\nGS25의 신제품 '비타민'을 체험하고 솔직한 리뷰를 작성해주실 틱톡 인플루언서를 모집합니다.\n\n📌 제품 소개\n- 비타민는 식품 카테고리의 혁신적인 제품입니다.\n- 특별한 성분과 기술력으로 만들어진 프리미엄 제품입니다.\n- 많은 분들께 사랑받고 있는 GS25의 베스트셀러입니다.\n\n✨ 체험단 미션\n1. 제품을 직접 사용해보고 솔직한 후기 작성\n2. 제품의 장점과 사용감을 상세히 소개\n3. 실사용 사진 3장 이상 포함\n4. 해시태그 필수 포함: #GS25 #비타민 #체험단\n\n💝 제공 혜택\n- 비타민 정품 1개 (정가 45000원)\n- 우수 리뷰어 추가 혜택 제공\n- GS25 신제품 우선 체험 기회",
    "info": {
      "participants": "모집인원: 14명",
      "period": "신청기간: 2025. 7. 30. ~ 2025. 8. 13.",
      "announcement": "발표일: 2025. 8. 16.",
      "category": "카테고리: 식품",
      "platform": "플랫폼: 틱톡",
      "mission": "미션: 제품 사용 후 틱톡에 상세 리뷰 작성"
    },
    "requirements": {
      "followers": 5766,
      "engagementRate": "3.0",
      "contentQuality": "높음"
    },
    "provides": [
      "비타민 정품 1개",
      "무료 배송",
      "체험 가이드 제공",
      "우수 리뷰어 추가 혜택"
    ],
    "status": "ACTIVE",
    "applicants": 108,
    "viewCount": 884,
    "crawledAt": "2025-07-26T12:34:33.766Z",
    "detailImage": "/images/campaigns/campaign_40_detail.jpg"
  },
  {
    "id": 41,
    "url": "https://www.revu.net/campaign/1188601",
    "thumbnail": "/images/campaigns/campaign_41_thumb.jpg",
    "title": "[올리브영] 보조배터리 틱톡 체험단 모집",
    "brand": "올리브영",
    "category": "패션",
    "platform": "틱톡",
    "description": "안녕하세요, 올리브영입니다.\n\n올리브영의 신제품 '보조배터리'을 체험하고 솔직한 리뷰를 작성해주실 틱톡 인플루언서를 모집합니다.\n\n📌 제품 소개\n- 보조배터리는 패션 카테고리의 혁신적인 제품입니다.\n- 특별한 성분과 기술력으로 만들어진 프리미엄 제품입니다.\n- 많은 분들께 사랑받고 있는 올리브영의 베스트셀러입니다.\n\n✨ 체험단 미션\n1. 제품을 직접 사용해보고 솔직한 후기 작성\n2. 제품의 장점과 사용감을 상세히 소개\n3. 실사용 사진 3장 이상 포함\n4. 해시태그 필수 포함: #올리브영 #보조배터리 #체험단\n\n💝 제공 혜택\n- 보조배터리 정품 1개 (정가 40000원)\n- 우수 리뷰어 추가 혜택 제공\n- 올리브영 신제품 우선 체험 기회",
    "info": {
      "participants": "모집인원: 19명",
      "period": "신청기간: 2025. 8. 1. ~ 2025. 8. 19.",
      "announcement": "발표일: 2025. 8. 22.",
      "category": "카테고리: 패션",
      "platform": "플랫폼: 틱톡",
      "mission": "미션: 제품 사용 후 틱톡에 상세 리뷰 작성"
    },
    "requirements": {
      "followers": 2244,
      "engagementRate": "1.5",
      "contentQuality": "높음"
    },
    "provides": [
      "보조배터리 정품 1개",
      "무료 배송",
      "체험 가이드 제공",
      "우수 리뷰어 추가 혜택"
    ],
    "status": "ACTIVE",
    "applicants": 51,
    "viewCount": 814,
    "crawledAt": "2025-07-26T12:34:33.766Z",
    "detailImage": "/images/campaigns/campaign_41_detail.jpg"
  },
  {
    "id": 42,
    "url": "https://www.revu.net/campaign/1188602",
    "thumbnail": "/images/campaigns/campaign_42_thumb.jpg",
    "title": "[자라] 토너패드 틱톡 체험단 모집",
    "brand": "자라",
    "category": "패션",
    "platform": "틱톡",
    "description": "안녕하세요, 자라입니다.\n\n자라의 신제품 '토너패드'을 체험하고 솔직한 리뷰를 작성해주실 틱톡 인플루언서를 모집합니다.\n\n📌 제품 소개\n- 토너패드는 패션 카테고리의 혁신적인 제품입니다.\n- 특별한 성분과 기술력으로 만들어진 프리미엄 제품입니다.\n- 많은 분들께 사랑받고 있는 자라의 베스트셀러입니다.\n\n✨ 체험단 미션\n1. 제품을 직접 사용해보고 솔직한 후기 작성\n2. 제품의 장점과 사용감을 상세히 소개\n3. 실사용 사진 3장 이상 포함\n4. 해시태그 필수 포함: #자라 #토너패드 #체험단\n\n💝 제공 혜택\n- 토너패드 정품 1개 (정가 28000원)\n- 우수 리뷰어 추가 혜택 제공\n- 자라 신제품 우선 체험 기회",
    "info": {
      "participants": "모집인원: 24명",
      "period": "신청기간: 2025. 7. 26. ~ 2025. 8. 2.",
      "announcement": "발표일: 2025. 8. 5.",
      "category": "카테고리: 패션",
      "platform": "플랫폼: 틱톡",
      "mission": "미션: 제품 사용 후 틱톡에 상세 리뷰 작성"
    },
    "requirements": {
      "followers": 5187,
      "engagementRate": "4.7",
      "contentQuality": "높음"
    },
    "provides": [
      "토너패드 정품 1개",
      "무료 배송",
      "체험 가이드 제공",
      "우수 리뷰어 추가 혜택"
    ],
    "status": "CLOSED",
    "applicants": 70,
    "viewCount": 740,
    "crawledAt": "2025-07-26T12:34:33.766Z",
    "detailImage": "/images/campaigns/campaign_42_detail.jpg"
  },
  {
    "id": 43,
    "url": "https://www.revu.net/campaign/1188603",
    "thumbnail": "/images/campaigns/campaign_43_thumb.jpg",
    "title": "[아디다스] 프로틴바 유튜브 체험단 모집",
    "brand": "아디다스",
    "category": "식품",
    "platform": "유튜브",
    "description": "안녕하세요, 아디다스입니다.\n\n아디다스의 신제품 '프로틴바'을 체험하고 솔직한 리뷰를 작성해주실 유튜브 인플루언서를 모집합니다.\n\n📌 제품 소개\n- 프로틴바는 식품 카테고리의 혁신적인 제품입니다.\n- 특별한 성분과 기술력으로 만들어진 프리미엄 제품입니다.\n- 많은 분들께 사랑받고 있는 아디다스의 베스트셀러입니다.\n\n✨ 체험단 미션\n1. 제품을 직접 사용해보고 솔직한 후기 작성\n2. 제품의 장점과 사용감을 상세히 소개\n3. 실사용 사진 3장 이상 포함\n4. 해시태그 필수 포함: #아디다스 #프로틴바 #체험단\n\n💝 제공 혜택\n- 프로틴바 정품 1개 (정가 52000원)\n- 우수 리뷰어 추가 혜택 제공\n- 아디다스 신제품 우선 체험 기회",
    "info": {
      "participants": "모집인원: 21명",
      "period": "신청기간: 2025. 7. 26. ~ 2025. 8. 15.",
      "announcement": "발표일: 2025. 8. 18.",
      "category": "카테고리: 식품",
      "platform": "플랫폼: 유튜브",
      "mission": "미션: 제품 사용 후 유튜브에 상세 리뷰 작성"
    },
    "requirements": {
      "followers": 5875,
      "engagementRate": "1.6",
      "contentQuality": "높음"
    },
    "provides": [
      "프로틴바 정품 1개",
      "무료 배송",
      "체험 가이드 제공",
      "우수 리뷰어 추가 혜택"
    ],
    "status": "ACTIVE",
    "applicants": 63,
    "viewCount": 1320,
    "crawledAt": "2025-07-26T12:34:33.766Z",
    "detailImage": "/images/campaigns/campaign_43_detail.jpg"
  },
  {
    "id": 44,
    "url": "https://www.revu.net/campaign/1188604",
    "thumbnail": "/images/campaigns/campaign_44_thumb.jpg",
    "title": "[미샤] 보조배터리 유튜브 체험단 모집",
    "brand": "미샤",
    "category": "패션",
    "platform": "유튜브",
    "description": "안녕하세요, 미샤입니다.\n\n미샤의 신제품 '보조배터리'을 체험하고 솔직한 리뷰를 작성해주실 유튜브 인플루언서를 모집합니다.\n\n📌 제품 소개\n- 보조배터리는 패션 카테고리의 혁신적인 제품입니다.\n- 특별한 성분과 기술력으로 만들어진 프리미엄 제품입니다.\n- 많은 분들께 사랑받고 있는 미샤의 베스트셀러입니다.\n\n✨ 체험단 미션\n1. 제품을 직접 사용해보고 솔직한 후기 작성\n2. 제품의 장점과 사용감을 상세히 소개\n3. 실사용 사진 3장 이상 포함\n4. 해시태그 필수 포함: #미샤 #보조배터리 #체험단\n\n💝 제공 혜택\n- 보조배터리 정품 1개 (정가 23000원)\n- 우수 리뷰어 추가 혜택 제공\n- 미샤 신제품 우선 체험 기회",
    "info": {
      "participants": "모집인원: 23명",
      "period": "신청기간: 2025. 7. 27. ~ 2025. 8. 4.",
      "announcement": "발표일: 2025. 8. 7.",
      "category": "카테고리: 패션",
      "platform": "플랫폼: 유튜브",
      "mission": "미션: 제품 사용 후 유튜브에 상세 리뷰 작성"
    },
    "requirements": {
      "followers": 4305,
      "engagementRate": "3.3",
      "contentQuality": "높음"
    },
    "provides": [
      "보조배터리 정품 1개",
      "무료 배송",
      "체험 가이드 제공",
      "우수 리뷰어 추가 혜택"
    ],
    "status": "ACTIVE",
    "applicants": 69,
    "viewCount": 1136,
    "crawledAt": "2025-07-26T12:34:33.766Z",
    "detailImage": "/images/campaigns/campaign_44_detail.jpg"
  },
  {
    "id": 45,
    "url": "https://www.revu.net/campaign/1188605",
    "thumbnail": "/images/campaigns/campaign_45_thumb.jpg",
    "title": "[CU] 무선이어폰 틱톡 체험단 모집",
    "brand": "CU",
    "category": "전자제품",
    "platform": "틱톡",
    "description": "안녕하세요, CU입니다.\n\nCU의 신제품 '무선이어폰'을 체험하고 솔직한 리뷰를 작성해주실 틱톡 인플루언서를 모집합니다.\n\n📌 제품 소개\n- 무선이어폰는 전자제품 카테고리의 혁신적인 제품입니다.\n- 특별한 성분과 기술력으로 만들어진 프리미엄 제품입니다.\n- 많은 분들께 사랑받고 있는 CU의 베스트셀러입니다.\n\n✨ 체험단 미션\n1. 제품을 직접 사용해보고 솔직한 후기 작성\n2. 제품의 장점과 사용감을 상세히 소개\n3. 실사용 사진 3장 이상 포함\n4. 해시태그 필수 포함: #CU #무선이어폰 #체험단\n\n💝 제공 혜택\n- 무선이어폰 정품 1개 (정가 11000원)\n- 우수 리뷰어 추가 혜택 제공\n- CU 신제품 우선 체험 기회",
    "info": {
      "participants": "모집인원: 22명",
      "period": "신청기간: 2025. 7. 30. ~ 2025. 8. 16.",
      "announcement": "발표일: 2025. 8. 19.",
      "category": "카테고리: 전자제품",
      "platform": "플랫폼: 틱톡",
      "mission": "미션: 제품 사용 후 틱톡에 상세 리뷰 작성"
    },
    "requirements": {
      "followers": 5701,
      "engagementRate": "3.1",
      "contentQuality": "높음"
    },
    "provides": [
      "무선이어폰 정품 1개",
      "무료 배송",
      "체험 가이드 제공",
      "우수 리뷰어 추가 혜택"
    ],
    "status": "CLOSED",
    "applicants": 120,
    "viewCount": 1056,
    "crawledAt": "2025-07-26T12:34:33.766Z",
    "detailImage": "/images/campaigns/campaign_45_detail.jpg"
  },
  {
    "id": 46,
    "url": "https://www.revu.net/campaign/1188606",
    "thumbnail": "/images/campaigns/campaign_46_thumb.jpg",
    "title": "[다이슨] 무선이어폰 틱톡 체험단 모집",
    "brand": "다이슨",
    "category": "뷰티",
    "platform": "틱톡",
    "description": "안녕하세요, 다이슨입니다.\n\n다이슨의 신제품 '무선이어폰'을 체험하고 솔직한 리뷰를 작성해주실 틱톡 인플루언서를 모집합니다.\n\n📌 제품 소개\n- 무선이어폰는 뷰티 카테고리의 혁신적인 제품입니다.\n- 특별한 성분과 기술력으로 만들어진 프리미엄 제품입니다.\n- 많은 분들께 사랑받고 있는 다이슨의 베스트셀러입니다.\n\n✨ 체험단 미션\n1. 제품을 직접 사용해보고 솔직한 후기 작성\n2. 제품의 장점과 사용감을 상세히 소개\n3. 실사용 사진 3장 이상 포함\n4. 해시태그 필수 포함: #다이슨 #무선이어폰 #체험단\n\n💝 제공 혜택\n- 무선이어폰 정품 1개 (정가 15000원)\n- 우수 리뷰어 추가 혜택 제공\n- 다이슨 신제품 우선 체험 기회",
    "info": {
      "participants": "모집인원: 20명",
      "period": "신청기간: 2025. 7. 28. ~ 2025. 8. 10.",
      "announcement": "발표일: 2025. 8. 13.",
      "category": "카테고리: 뷰티",
      "platform": "플랫폼: 틱톡",
      "mission": "미션: 제품 사용 후 틱톡에 상세 리뷰 작성"
    },
    "requirements": {
      "followers": 3991,
      "engagementRate": "3.2",
      "contentQuality": "높음"
    },
    "provides": [
      "무선이어폰 정품 1개",
      "무료 배송",
      "체험 가이드 제공",
      "우수 리뷰어 추가 혜택"
    ],
    "status": "ACTIVE",
    "applicants": 138,
    "viewCount": 1326,
    "crawledAt": "2025-07-26T12:34:33.766Z",
    "detailImage": "/images/campaigns/campaign_46_detail.jpg"
  },
  {
    "id": 47,
    "url": "https://www.revu.net/campaign/1188607",
    "thumbnail": "/images/campaigns/campaign_47_thumb.jpg",
    "title": "[나이키] 공기청정기 틱톡 체험단 모집",
    "brand": "나이키",
    "category": "식품",
    "platform": "틱톡",
    "description": "안녕하세요, 나이키입니다.\n\n나이키의 신제품 '공기청정기'을 체험하고 솔직한 리뷰를 작성해주실 틱톡 인플루언서를 모집합니다.\n\n📌 제품 소개\n- 공기청정기는 식품 카테고리의 혁신적인 제품입니다.\n- 특별한 성분과 기술력으로 만들어진 프리미엄 제품입니다.\n- 많은 분들께 사랑받고 있는 나이키의 베스트셀러입니다.\n\n✨ 체험단 미션\n1. 제품을 직접 사용해보고 솔직한 후기 작성\n2. 제품의 장점과 사용감을 상세히 소개\n3. 실사용 사진 3장 이상 포함\n4. 해시태그 필수 포함: #나이키 #공기청정기 #체험단\n\n💝 제공 혜택\n- 공기청정기 정품 1개 (정가 37000원)\n- 우수 리뷰어 추가 혜택 제공\n- 나이키 신제품 우선 체험 기회",
    "info": {
      "participants": "모집인원: 16명",
      "period": "신청기간: 2025. 7. 27. ~ 2025. 8. 12.",
      "announcement": "발표일: 2025. 8. 15.",
      "category": "카테고리: 식품",
      "platform": "플랫폼: 틱톡",
      "mission": "미션: 제품 사용 후 틱톡에 상세 리뷰 작성"
    },
    "requirements": {
      "followers": 4534,
      "engagementRate": "1.6",
      "contentQuality": "높음"
    },
    "provides": [
      "공기청정기 정품 1개",
      "무료 배송",
      "체험 가이드 제공",
      "우수 리뷰어 추가 혜택"
    ],
    "status": "ACTIVE",
    "applicants": 88,
    "viewCount": 1331,
    "crawledAt": "2025-07-26T12:34:33.766Z",
    "detailImage": "/images/campaigns/campaign_47_detail.jpg"
  },
  {
    "id": 48,
    "url": "https://www.revu.net/campaign/1188608",
    "thumbnail": "/images/campaigns/campaign_48_thumb.jpg",
    "title": "[삼성] 보조배터리 유튜브 체험단 모집",
    "brand": "삼성",
    "category": "전자제품",
    "platform": "유튜브",
    "description": "안녕하세요, 삼성입니다.\n\n삼성의 신제품 '보조배터리'을 체험하고 솔직한 리뷰를 작성해주실 유튜브 인플루언서를 모집합니다.\n\n📌 제품 소개\n- 보조배터리는 전자제품 카테고리의 혁신적인 제품입니다.\n- 특별한 성분과 기술력으로 만들어진 프리미엄 제품입니다.\n- 많은 분들께 사랑받고 있는 삼성의 베스트셀러입니다.\n\n✨ 체험단 미션\n1. 제품을 직접 사용해보고 솔직한 후기 작성\n2. 제품의 장점과 사용감을 상세히 소개\n3. 실사용 사진 3장 이상 포함\n4. 해시태그 필수 포함: #삼성 #보조배터리 #체험단\n\n💝 제공 혜택\n- 보조배터리 정품 1개 (정가 48000원)\n- 우수 리뷰어 추가 혜택 제공\n- 삼성 신제품 우선 체험 기회",
    "info": {
      "participants": "모집인원: 22명",
      "period": "신청기간: 2025. 7. 27. ~ 2025. 8. 6.",
      "announcement": "발표일: 2025. 8. 9.",
      "category": "카테고리: 전자제품",
      "platform": "플랫폼: 유튜브",
      "mission": "미션: 제품 사용 후 유튜브에 상세 리뷰 작성"
    },
    "requirements": {
      "followers": 3816,
      "engagementRate": "3.3",
      "contentQuality": "높음"
    },
    "provides": [
      "보조배터리 정품 1개",
      "무료 배송",
      "체험 가이드 제공",
      "우수 리뷰어 추가 혜택"
    ],
    "status": "CLOSED",
    "applicants": 129,
    "viewCount": 1370,
    "crawledAt": "2025-07-26T12:34:33.766Z",
    "detailImage": "/images/campaigns/campaign_48_detail.jpg"
  },
  {
    "id": 49,
    "url": "https://www.revu.net/campaign/1188609",
    "thumbnail": "/images/campaigns/campaign_49_thumb.jpg",
    "title": "[GS25] 블루투스 스피커 틱톡 체험단 모집",
    "brand": "GS25",
    "category": "생활용품",
    "platform": "틱톡",
    "description": "안녕하세요, GS25입니다.\n\nGS25의 신제품 '블루투스 스피커'을 체험하고 솔직한 리뷰를 작성해주실 틱톡 인플루언서를 모집합니다.\n\n📌 제품 소개\n- 블루투스 스피커는 생활용품 카테고리의 혁신적인 제품입니다.\n- 특별한 성분과 기술력으로 만들어진 프리미엄 제품입니다.\n- 많은 분들께 사랑받고 있는 GS25의 베스트셀러입니다.\n\n✨ 체험단 미션\n1. 제품을 직접 사용해보고 솔직한 후기 작성\n2. 제품의 장점과 사용감을 상세히 소개\n3. 실사용 사진 3장 이상 포함\n4. 해시태그 필수 포함: #GS25 #블루투스스피커 #체험단\n\n💝 제공 혜택\n- 블루투스 스피커 정품 1개 (정가 32000원)\n- 우수 리뷰어 추가 혜택 제공\n- GS25 신제품 우선 체험 기회",
    "info": {
      "participants": "모집인원: 23명",
      "period": "신청기간: 2025. 8. 1. ~ 2025. 8. 8.",
      "announcement": "발표일: 2025. 8. 11.",
      "category": "카테고리: 생활용품",
      "platform": "플랫폼: 틱톡",
      "mission": "미션: 제품 사용 후 틱톡에 상세 리뷰 작성"
    },
    "requirements": {
      "followers": 5578,
      "engagementRate": "6.0",
      "contentQuality": "높음"
    },
    "provides": [
      "블루투스 스피커 정품 1개",
      "무료 배송",
      "체험 가이드 제공",
      "우수 리뷰어 추가 혜택"
    ],
    "status": "ACTIVE",
    "applicants": 68,
    "viewCount": 1219,
    "crawledAt": "2025-07-26T12:34:33.766Z",
    "detailImage": "/images/campaigns/campaign_49_detail.jpg"
  },
  {
    "id": 50,
    "url": "https://www.revu.net/campaign/1188610",
    "thumbnail": "/images/campaigns/campaign_50_thumb.jpg",
    "title": "[이마트24] 선크림 틱톡 체험단 모집",
    "brand": "이마트24",
    "category": "생활용품",
    "platform": "틱톡",
    "description": "안녕하세요, 이마트24입니다.\n\n이마트24의 신제품 '선크림'을 체험하고 솔직한 리뷰를 작성해주실 틱톡 인플루언서를 모집합니다.\n\n📌 제품 소개\n- 선크림는 생활용품 카테고리의 혁신적인 제품입니다.\n- 특별한 성분과 기술력으로 만들어진 프리미엄 제품입니다.\n- 많은 분들께 사랑받고 있는 이마트24의 베스트셀러입니다.\n\n✨ 체험단 미션\n1. 제품을 직접 사용해보고 솔직한 후기 작성\n2. 제품의 장점과 사용감을 상세히 소개\n3. 실사용 사진 3장 이상 포함\n4. 해시태그 필수 포함: #이마트24 #선크림 #체험단\n\n💝 제공 혜택\n- 선크림 정품 1개 (정가 40000원)\n- 우수 리뷰어 추가 혜택 제공\n- 이마트24 신제품 우선 체험 기회",
    "info": {
      "participants": "모집인원: 22명",
      "period": "신청기간: 2025. 7. 27. ~ 2025. 8. 9.",
      "announcement": "발표일: 2025. 8. 12.",
      "category": "카테고리: 생활용품",
      "platform": "플랫폼: 틱톡",
      "mission": "미션: 제품 사용 후 틱톡에 상세 리뷰 작성"
    },
    "requirements": {
      "followers": 4960,
      "engagementRate": "2.5",
      "contentQuality": "높음"
    },
    "provides": [
      "선크림 정품 1개",
      "무료 배송",
      "체험 가이드 제공",
      "우수 리뷰어 추가 혜택"
    ],
    "status": "ACTIVE",
    "applicants": 50,
    "viewCount": 656,
    "crawledAt": "2025-07-26T12:34:33.766Z",
    "detailImage": "/images/campaigns/campaign_50_detail.jpg"
  }
]